Анаа|Анаа
Аль-Ариш|Аль-Ариш
Аахен|Аахен
Аварадам|Аварадам
Аранука|Аранука
Аальбург|Аальбург
Мала-Мала|Мала-Мала
Аль-Айн|Аль-Айн
Анако|Анако
Анапа|Анапа
Аарус|Аарус
Алтай|Алтай
Асау|Асау
Аль-Гайда|Аль-Гайда
Абакан|Абакан
Абингдон|Абингдон
Албасет|Албасет
Абадан|Абадан
Абайянг|Абайянг
Абингдон|Абингдон
Абиджан|Абиджан
Кабри-Дар|Кабри-Дар
Альбина|Альбина
Аткамба|Аткамба
Альбукерк|Альбукерк
Абу-Симбель|Абу-Симбель
Абуджа|Абуджа
Абау|Абау
Элбери|Элбери
Олбани|Олбани
Аканди|Аканди
Арресиф|Арресиф
Элдерни|Элдерни
Анурадхапура|Анурадхапура
Арика|Арика
Сиудад-Акуна|Сиудад-Акуна
Аскона|Аскона
Араракуара|Араракуара
Ачинск|Ачинск
Вако|Вако
Ахутупо|Ахутупо
Атлантик Сити|Атлантик Сити
Забол|Забол
Адана|Адана
Измир|Измир
Аддис Абеба|Аддис Абеба
Аден|Аден
Алдан|Алдан
Амман|Амман
Аделаида|Аделаида
Ардмор|Ардмор
Андес|Андес
Даллас|Даллас
Ада|Ада
Эндовер|Эндовер
Оллдейз|Оллдейз
Остров Сан Андрес|Остров Сан Андрес
Абемама-Атолл|Абемама-Атолл
Эк-Годан|Эк-Годан
Альгесирас|Альгесирас
Асеки|Асеки
Альберт Ли|Альберт Ли
Буэнос-Айрес|Буэнос-Айрес
Адлер|Адлер
Акурейри|Акурейри
Сан-Рафаэль|Сан-Рафаэль
Порт Альфред|Порт Альфред
Колорадо Спрингз|Колорадо Спрингз
Амалфи|Амалфи
Алта-Флореста|Алта-Флореста
Афтон|Афтон
Афоре|Афоре
Зарафшан|Зарафшан
Афутара|Афутара
Афион|Афион
Агадир|Агадир
Мюнхен|Мюнхен
Питтсборо|Питтсборо
Ангги|Ангги
Вангерооге|Вангерооге
Аген|Аген
Ангорам|Ангорам
Вагенинген|Вагенинген
Агуни|Агуни
Кагуа|Кагуа
Ванигела|Ванигела
Малага|Малага
Агринио|Агринио
Агра|Агра
Кудад-дель-Эсте|Кудад-дель-Эсте
Агуаскалиентес|Агуаскалиентес
Акарикуа|Акарикуа
Агатти-Айленд|Агатти-Айленд
Аггенейз|Аггенейз
Окинава|Окинава
Абха|Абха
Ардмор|Ардмор
Амахаи|Амахаи
Аисхалтон|Аисхалтон
Афины|Афины
Ахуас|Ахуас
Ам-Тиман|Ам-Тиман
Амбатолахи|Амбатолахи
Айоме|Айоме
Ялинга|Ялинга
Айлиганди|Айлиганди
Ароре-Айленд|Ароре-Айленд
Аитутаки|Аитутаки
Атлантик Сити|Атлантик Сити
Аяччио|Аяччио
Агри|Агри
Акжужт|Акжужт
Айзаул|Айзаул
Анжуан|Анжуан
Альюф|Альюф
Арвидсьяур|Арвидсьяур
Абреохос|Абреохос
Аракайю|Аракайю
Анькан|Анькан
Акола|Акола
Акиени|Акиени
Куфра|Куфра
Ангуганак|Ангуганак
Асахикава|Асахикава
Окленд|Окленд
Закума|Закума
Akron|Akron
Астраксетра|Астраксетра
Акере|Акере
Акротири|Акротири
Аксу|Аксу
Актюбинск|Актюбинск
Алматы|Алматы
Олбани|Олбани
Аликанте|Аликанте
Алерта|Алерта
Алта|Алта
Олбани|Олбани
Александер-Бей|Александер-Бей
Асела|Асела
Албенга|Албенга
Аламогордо|Аламогордо
Ватерло|Ватерло
Алеппо|Алеппо
Александра|Александра
Аламоса|Аламоса
Алула|Алула
Андорра-ла-Велла|Андорра-ла-Велла
Александрия|Александрия
Амбилобе|Амбилобе
Ахмедабад|Ахмедабад
Альто-Молокуэ|Альто-Молокуэ
Ама|Ама
Арба-Минч|Арба-Минч
Дуранго|Дуранго
Амман|Амман
Мао|Мао
Ампанихи|Ампанихи
Амбон|Амбон
Арно|Арно
Амстердам|Амстердам
Аманаб|Аманаб
Амдерма|Амдерма
Амбатомаинти|Амбатомаинти
Ардмор|Ардмор
Анахайм|Анахайм
Анкораж|Анкораж
Анжер|Анжер
Антофагаста|Антофагаста
Ангулем|Ангулем
Занага|Занага
Анкара|Анкара
Андуло|Андуло
Анталаха|Анталаха
Аннаполис|Аннаполис
Ангола|Ангола
Антверпен|Антверпен
Андауайлас|Андауайлас
Анденес|Анденес
Ароа|Ароа
Аннаберг|Аннаберг
Альтенбург|Альтенбург
Абу-Дейя|Абу-Дейя
Эскишехир|Эскишехир
Аньшань|Аньшань
Лима|Лима
Анкона|Анкона
Аомори|Аомори
Карпатос|Карпатос
Арона|Арона
Алор-Сетар|Алор-Сетар
Аоста|Аоста
Аттопью|Аттопью
Денвер|Денвер
Аполо|Аполо
Напа|Напа
Сан-Хуан-Апосенто|Сан-Хуан-Апосенто
Неаполь|Неаполь
Апиай|Апиай
Нампула|Нампула
Апартадо|Апартадо
Асапа|Асапа
Эйприл-Ривер|Эйприл-Ривер
Джаспер|Джаспер
Эппл Вэлли|Эппл Вэлли
Запала|Запала
Аньцин|Аньцин
Кайсумах|Кайсумах
Акаба|Акаба
Арекуипа|Арекуипа
Сакани|Сакани
Алор-Айленд|Алор-Айленд
Архангельск|Архангельск
Арика|Арика
Арсо|Арсо
Аруша|Аруша
Арли|Арли
Армидаль|Армидаль
Стокгольм|Стокгольм
Арболетас|Арболетас
Араджип|Араджип
Араукита|Араукита
Альто-Рио-Сенгерр|Альто-Рио-Сенгерр
Арад|Арад
Ассаб|Ассаб
Ашхабад|Ашхабад
Аскеншн|Аскеншн
Аспен|Аспен
Астрахань|Астрахань
Ашбертон|Ашбертон
Амами-О-Сима|Амами-О-Сима
Маршалл|Маршалл
Талладега|Талладега
Асоса|Асоса
Элис Спрингз|Элис Спрингз
Остин|Остин
Кайсери|Кайсери
Асунсьон|Асунсьон
Амбосели|Амбосели
Асуан|Асуан
Эшленд|Эшленд
Асирим|Асирим
Анта|Анта
Атбара|Атбара
Атоифи|Атоифи
Амбато|Амбато
Афины|Афины
Артигас|Артигас
Анцирабе|Анцирабе
Наматанай|Наматанай
Афины|Афины
Айтейп|Айтейп
Амритсар|Амритсар
Атар|Атар
Ати|Ати
Эпплтон|Эпплтон
Атбасар|Атбасар
Асьют|Асьют
Араука|Араука
Абу-Даби|Абу-Даби
Амбунти|Амбунти
Остин|Остин
Обурн|Обурн
Обурн|Обурн
Агаун|Агаун
Орийак|Орийак
Атауро|Атауро
Анейтьюм|Анейтьюм
Аворьяз|Аворьяз
Овернь|Овернь
Авиньон|Авиньон
Аву-Аву|Аву-Аву
Гелонг|Гелонг
Туксон|Туксон
Авасса|Авасса
Аваба|Аваба
Анива|Анива
Алове|Алове
Аварех|Аварех
Авар|Авар
Ахваз|Ахваз
Александрополи|Александрополи
Атак|Атак
Александрия|Александрия
Армения|Армения
Александрия|Александрия
Акита|Акита
Аксум|Аксум
Айапел|Айапел
Аякучо|Аякучо
Ягуара|Ягуара
Яри|Яри
Аркалык|Аркалык
Аньян|Аньян
Аякучо|Аякучо
Айерс Рок|Айерс Рок
Эйр|Эйр
Анталия|Анталия
Айюра|Айюра
Аяваси|Аяваси
Амазон-Бей|Амазон-Бей
Язд|Язд
Апацинган|Апацинган
Абу-Даби|Абу-Даби
Андижан|Андижан
Каламазу|Каламазу
Мексико Сити|Мексико Сити
Запатока|Запатока
Биалла|Биалла
Шревспорт|Шревспорт
Барселонетта|Барселонетта
Багуйо|Багуйо
Буэнос-Айрес|Буэнос-Айрес
Бали|Бали
Базонго|Базонго
Байбара|Байбара
Барранкуилла|Барранкуилла
Бейкер-Айленд, шт. Аляска|Бейкер-Айленд, шт. Аляска
Балале|Балале
Баотоу|Баотоу
Биавонке|Биавонке
Барнаул|Барнаул
Байя Маре|Байя Маре
Балмаседа|Балмаседа
Бэй Сити|Бэй Сити
Бутаритари|Бутаритари
Барт|Барт
Бхубанесвар|Бхубанесвар
Битбург|Битбург
Касане|Касане
Баболсар|Баболсар
Баттамбанг|Баттамбанг
Бербера|Бербера
Берберати|Берберати
Бухарест|Бухарест
Бамбари|Бамбари
Замбези|Замбези
Баракоа|Баракоа
Баколод|Баколод
Бука|Бука
Бемичи|Бемичи
Баукау|Баукау
Барра-Колорадо|Барра-Колорадо
Бакэу|Бакэу
Барселона|Барселона
Вейл-Игл, шт. Колорадо|Вейл-Игл, шт. Колорадо
Бока Ратон|Бока Ратон
Баучи|Баучи
Белорецк|Белорецк
Бульчи|Бульчи
Бандаберг|Бандаберг
Бандар-Ленге|Бандар-Ленге
Берд-Айленд|Берд-Айленд
Банджармасин|Банджармасин
Бандирма|Бандирма
Бадин|Бадин
Бандунг|Бандунг
Бхадрапур|Бхадрапур
Бриндиси|Бриндиси
Гбадолите|Гбадолите
Бордуфос|Бордуфос
Моба|Моба
Байндунг|Байндунг
Берейна|Берейна
Вичита|Вичита
Блуфилдс|Блуфилдс
Белград|Белград
Бентон Харбор|Бентон Харбор
Бейка|Бейка
Белем|Белем
Боссембеле|Боссембеле
Ньюкасл|Ньюкасл
Беллари|Беллари
Берлин|Берлин
Брест|Брест
Бейра|Бейра
Бейрут|Бейрут
Беру|Беру
Билефельд|Билефельд
Куритиба|Куритиба
Сиэттл|Сиэттл
Ба|Ба
Бейкерсфилд|Бейкерсфилд
Мобайл|Мобайл
Бенгбу|Бенгбу
Браганса|Браганса
Боге|Боге
Биг-Крик|Биг-Крик
Баглунг|Баглунг
Берген|Берген
Бонго|Бонго
Бангор|Бангор
Бангассу|Бангассу
Багдад|Багдад
Бергамо|Бергамо
Брага|Брага
Бар Харбор|Бар Харбор
Бленхайм|Бленхайм
Бахья-Купика|Бахья-Купика
Брюс-Лагуна|Брюс-Лагуна
Биша|Биша
Бхудж|Бхудж
Бухара|Бухара
Бахиа-Ангелес|Бахиа-Ангелес
Бейхан|Бейхан
Бхопал|Бхопал
Бхойпур|Бхойпур
Бхаратпур|Бхаратпур
Батерст|Батерст
Бхавнагар|Бхавнагар
Бахавалпур|Бахавалпур
Саргодха|Саргодха
Бейхай|Бейхай
Бастия|Бастия
Байдоа|Байдоа
Биг-Крик|Биг-Крик
Эль Пасо|Эль Пасо
Бишоп|Бишоп
Бикини-Атолл|Бикини-Атолл
Биллингс|Биллингс
Бамиан|Бамиан
Билбао|Билбао
Биарриц|Биарриц
Биратнагар|Биратнагар
Бисмарк|Бисмарк
Байтади|Байтади
Билдудалур|Билдудалур
Бриа|Бриа
Бишо|Бишо
Бимин|Бимин
Баккафьордур|Баккафьордур
Ботсфьорд|Ботсфьорд
Болаанг|Болаанг
Баджханг|Баджханг
Вустер|Вустер
Бенджина|Бенджина
Бахоне|Бахоне
Бермехо|Бермехо
Бахар-Дар|Бахар-Дар
Баджура|Баджура
Бодрум|Бодрум
Баджава|Баджава
Белград|Белград
Бадахос|Бадахос
Москва|Москва
Биканер|Биканер
Боке|Боке
Бангкок|Бангкок
Бокоро|Бокоро
Бенгкулу|Бенгкулу
Букоба|Букоба
Барселона|Барселона
Балбоа|Балбоа
Бали|Бали
Борланг|Борланг
Батна|Батна
Биллунд|Биллунд
Беллависта|Беллависта
Болонья|Болонья
Бангалор|Бангалор
Белльвиль|Белльвиль
Беллуно|Беллуно
Белмаллет|Белмаллет
Стокгольм|Стокгольм
Бумба|Бумба
Бело|Бело
Брум|Брум
Бакума|Бакума
Бомай|Бомай
Барамита|Барамита
Боркум|Боркум
Берлин|Берлин
Битам|Битам
Бамерни|Бамерни
Бамо|Бамо
Бремптон Айленд|Бремптон Айленд
Бамбури|Бамбури
Бима|Бима
Борж-Бажи-Мохтар|Борж-Бажи-Мохтар
Баму|Баму
Боэнде|Боэнде
Бени|Бени
Бандар-Аббас|Бандар-Аббас
Брисбан|Брисбан
Хартфорд|Хартфорд
Бенин-Сити|Бенин-Сити
Баллина|Баллина
Бодинуму|Бодинуму
Броннойзунд|Броннойзунд
Банну|Банну
Банфора|Банфора
Баринас|Баринас
Бунди|Бунди
Блюменау|Блюменау
Боана|Боана
Баня-Лука|Баня-Лука
Беллона|Беллона
Банц|Банц
Бома|Бома
Бордо|Бордо
Бунджи|Бунджи
Богота|Богота
Бургас|Бургас
Бодо|Бодо
Буар|Буар
Боку|Боку
Белфорт|Белфорт
Бостон|Бостон
Борже|Борже
Боанг|Боанг
Бозум|Бозум
Бориди|Бориди
Бапи|Бапи
Баган|Баган
Бислиг|Бислиг
Баликпапан|Баликпапан
Порто Сегуро|Порто Сегуро
Беппу|Беппу
Бесалампи|Бесалампи
Балер|Балер
Бубаку|Бубаку
Благовещенск|Благовещенск
Брест|Брест
Бремен|Бремен
Брахман|Брахман
Бари|Бари
Баркисимето|Баркисимето
Берне|Берне
Биару|Биару
Брно|Брно
Бристоль|Бристоль
Брюссель|Брюссель
Бременхавен|Бременхавен
Барахона|Барахона
Боссасо|Боссасо
Бразилия|Бразилия
Бахья-Солано|Бахья-Солано
Баошань|Баошань
Семантан|Семантан
Бата|Бата
Бискра|Бискра
Боссанга|Боссанга
Баско|Баско
Бенсбах|Бенсбах
Бост|Бост
Базанкусу|Базанкусу
Бассейн|Бассейн
Бардера|Бардера
Бету|Бету
Бонте|Бонте
Батангафо|Батангафо
Банда Асе|Банда Асе
Братск|Братск
Ботопасье|Ботопасье
Бутаре|Бутаре
Батон Руж|Батон Руж
Братислава|Братислава
Бинтулу|Бинтулу
Бату-Личин|Бату-Личин
Бурса|Бурса
Будапешт|Будапешт
Бенгела|Бенгела
Бокондини|Бокондини
Альбук|Альбук
Булоло|Булоло
Буэнавентура|Буэнавентура
Бурао|Бурао
Бхатинда|Бхатинда
Булауайо|Булауайо
Бурбанк|Бурбанк
Батуми|Батуми
Бертонвуд|Бертонвуд
Белла-Юнион|Белла-Юнион
Буниа|Буниа
Банбери|Банбери
Бушехр|Бушехр
Париж|Париж
Брив-ла-Гайард|Брив-ла-Гайард
Буа|Буа
Берлевог|Берлевог
Бирдсвилл|Бирдсвилл
Бельмонте|Бельмонте
Боловип|Боловип
Бхайрава|Бхайрава
Брауншвайг|Брауншвайг
Баттерворт|Баттерворт
Баван|Баван
Бол|Бол
Бандар Сери Бегаван|Бандар Сери Бегаван
Балаково|Балаково
Сидней|Сидней
Вудбридж|Вудбридж
Бабо|Бабо
Баде|Баде
Бакель|Бакель
Бендиго|Бендиго
Балхаш|Балхаш
Бурундай|Бурундай
Блю-Лагун|Блю-Лагун
Батом|Батом
Бодрум|Бодрум
Буокс|Буокс
Бонтанг|Бонтанг
Бутуань|Бутуань
Дибаа|Дибаа
Якуйба|Якуйба
Бейда|Бейда
Белла-Елла|Белла-Елла
Байамо|Байамо
Бунью|Бунью
Бантри|Бантри
Байройт|Байройт
Бонанса|Бонанса
Бузиос|Бузиос
Быдгощ|Быдгощ
Балыкесир|Балыкесир
Брянск|Брянск
Барисал|Барисал
Берген Оп Зоом|Берген Оп Зоом
Болзано|Болзано
Безьер|Безьер
Бельцы|Бельцы
Оксфорд|Оксфорд
Катакамас|Катакамас
Кабинда|Кабинда
Кальяри|Кальяри
Ка-Мау|Ка-Мау
Каир|Каир
Канайма|Канайма
Кемпбелтаун|Кемпбелтаун
Камири|Камири
Гуанчжоу|Гуанчжоу
Кеп-Гаитиен|Кеп-Гаитиен
Каукасиа|Каукасиа
Касабланка|Касабланка
Кэт-Айленд|Кэт-Айленд
Казомбо|Казомбо
Карлисл|Карлисл
Качабамба|Качабамба
Кар-Никобар|Кар-Никобар
Кембрдидж|Кембрдидж
Кабо-Рожо|Кабо-Рожо
Сьюдад-Боливар|Сьюдад-Боливар
Чиребон|Чиребон
Котабато|Котабато
Коимбра|Коимбра
Калабар|Калабар
Канберра|Канберра
Кабимас|Кабимас
Коттбус|Коттбус
Кобан|Кобан
Кайо Коко|Кайо Коко
Лос Анджелес|Лос Анджелес
Каркассон|Каркассон
Чиле-Чико|Чиле-Чико
Шиншилла|Шиншилла
Чагчаран|Чагчаран
Каримагуа|Каримагуа
Консепсьон|Консепсьон
Каракас|Каракас
Колония-Катриэль|Колония-Катриэль
Крейг-Кав|Крейг-Кав
Касерес|Касерес
Куинда|Куинда
Сидар Сити|Сидар Сити
Каледония|Каледония
Париж|Париж
Крадок|Крадок
Куддапах|Куддапах
Чайлдресс|Чайлдресс
Кадиз|Кадиз
Вичита|Вичита
Кебу|Кебу
Череповец|Череповец
Честер|Честер
Чанг-Рай|Чанг-Рай
Чернигов|Чернигов
Челябинск|Челябинск
Кейп-Элутера|Кейп-Элутера
Сиудад-Обрегон|Сиудад-Обрегон
Вако-Кунго|Вако-Кунго
Консепсьон|Консепсьон
Канны|Канны
Шербург|Шербург
Шоле|Шоле
Кортез|Кортез
Клермон-Ферран|Клермон-Ферран
Сиенфуэгос|Сиенфуэгос
Конфреца|Конфреца
Кан|Кан
Коффс Харбор|Коффс Харбор
Куиаба|Куиаба
Кейп-Глусестер|Кейп-Глусестер
Чандэ|Чандэ
Кембрдидж|Кембрдидж
Касигуран|Касигуран
Сао Паоло|Сао Паоло
Чингола|Чингола
Камигуин|Камигуин
Кельн|Кельн
Чженчжоу|Чженчжоу
Чаньчунь|Чаньчунь
Кампо Гранде|Кампо Гранде
Колледж парк|Колледж парк
Шингитти|Шингитти
Сьюдад-Гуаяна|Сьюдад-Гуаяна
Чикаго|Чикаго
Кагаян Де Оро|Кагаян Де Оро
Чилас|Чилас
Кристчерч|Кристчерч
Меса|Меса
Чаоян|Чаоян
Чачапояс|Чачапояс
Чикаго|Чикаго
Чимботе|Чимботе
Джеонжу|Джеонжу
Шарлоттсвилль|Шарлоттсвилль
Шаторуа|Шаторуа
Чатам-Айленд|Чатам-Айленд
Чавес|Чавес
Чангвинола|Чангвинола
Чойсфул-Бей|Чойсфул-Бей
Рим|Рим
Чифен|Чифен
Чанжи|Чанжи
Кобиха|Кобиха
Кимитарра|Кимитарра
Консепсьон|Консепсьон
Чипата|Чипата
Чикумула|Чикумула
Каир|Каир
Кентон-Айленд|Кентон-Айленд
Шимкент|Шимкент
Со Сен Мари|Со Сен Мари
Чиклайо|Чиклайо
Комизо|Комизо
Кахамарка|Кахамарка
Коимбаторе|Коимбаторе
Калама|Калама
Кандилежас|Кандилежас
Сиудад Реаль|Сиудад Реаль
Читрал|Читрал
Чампхон|Чампхон
Сиудад Хуарез|Сиудад Хуарез
Чероки|Чероки
Черкассы|Черкассы
Чонсинь|Чонсинь
Чокурдах|Чокурдах
Чероки|Чероки
Чкаловский|Чкаловский
Кларксвилл|Кларксвилл
Канаккале|Канаккале
Комилла|Комилла
Кастлбар|Кастлбар
Клуж-Напока|Клуж-Напока
Порт Анжелес|Порт Анжелес
Кали|Кали
Колима|Колима
Шарлотт|Шарлотт
Клируотер|Клируотер
Клоринда|Клоринда
Кальви|Кальви
Калабосо|Калабосо
Коломбо|Коломбо
Шамбери|Шамбери
Кармелита|Кармелита
Касабланка|Касабланка
Оббиа|Оббиа
Колмар|Колмар
Скускубан|Скускубан
Камета|Камета
Коромандель|Коромандель
Камагуэй|Камагуэй
Хэнкок|Хэнкок
Спарта|Спарта
Кананеа|Кананеа
Константа|Константа
Коньяк|Коньяк
Зиндаль|Зиндаль
Чульман|Чульман
Корриентес|Корриентес
Чаньяраль|Чаньяраль
Кернс|Кернс
Чарата|Чарата
Чанг-Май|Чанг-Май
Моаб|Моаб
Кангамба|Кангамба
Колумбия|Колумбия
Кондото|Кондото
Куч-Бехар|Куч-Бехар
Кочи|Кочи
Кордова|Кордова
Колорадо Спрингз|Колорадо Спрингз
Колумбия|Колумбия
Ковилья|Ковилья
Кокимбо|Кокимбо
Конго-Таун|Конго-Таун
Констанца|Констанца
Кейп-Палмас|Кейп-Палмас
Капургана|Капургана
Кубер Педи|Кубер Педи
Кампеше|Кампеше
Чепу|Чепу
Копенгаген|Копенгаген
Чапаррал|Чапаррал
Копьяпо|Копьяпо
Кампинас|Кампинас
Кейптаун|Кейптаун
Кале|Кале
Кейп-Флеттери|Кейп-Флеттери
Какуэтаниа|Какуэтаниа
Крайова|Крайова
Картаго|Картаго
Миртл Бич|Миртл Бич
Карнот|Карнот
Курабье|Курабье
Брюссель|Брюссель
Катарман|Катарман
Кромарти|Кромарти
Каравелас|Каравелас
Керес|Керес
Кротон|Кротон
Коринт|Коринт
Карансебеш|Карансебеш
Канас|Канас
Соловецкий|Соловецкий
Феникс|Феникс
Кеп-Скирринг|Кеп-Скирринг
Касуарито|Касуарито
Кастэвей|Кастэвей
Чанша|Чанша
Чебоксары|Чебоксары
Катания|Катания
Катамарка|Катамарка
Карти|Карти
Картегена|Картегена
Куито|Куито
Четумал|Четумал
Куктаун|Куктаун
Кэттл-Крик|Кэттл-Крик
Саппоро|Саппоро
Ле-Кастейе|Ле-Кастейе
Ченгду|Ченгду
Сиудад-Конститусьон|Сиудад-Конститусьон
Колумбия|Колумбия
Калундра|Калундра
Куенка|Куенка
Кунео|Кунео
Куррилло|Куррилло
Кулион|Кулион
Кумана|Кумана
Канкун|Канкун
Каруру|Каруру
Карупано|Карупано
Чихуахуа|Чихуахуа
Корпус Кристи|Корпус Кристи
Куско|Куско
Питтсборо|Питтсборо
Ковенас|Ковенас
Куршевель|Куршевель
Кавиахуэ|Кавиахуэ
Калета-Оливия|Калета-Оливия
Куернавака|Куернавака
Кейп-Вогель|Кейп-Вогель
Сиудад-Виктория|Сиудад-Виктория
Олбани|Олбани
Куритиба|Куритиба
Черновцы|Черновцы
Кампбеллпур|Кампбеллпур
Ванкувер|Ванкувер
Касьяс ду Суль|Касьяс ду Суль
Кандала|Кандала
Нха Транг|Нха Транг
Лес-Кейес|Лес-Кейес
Кайе-Чапел|Кайе-Чапел
Чиайи|Чиайи
Койолес|Койолес
Кайо Ларго Дель Сур|Кайо Ларго Дель Сур
Калбайог|Калбайог
Колония|Колония
Чейнни|Чейнни
Черский|Черский
Кауаян|Кауаян
Чинчен Ица|Чинчен Ица
Коро|Коро
Корозал|Корозал
Коцумел|Коцумел
Корозал|Корозал
Щесточова|Щесточова
Чангзу|Чангзу
Дайтона Бич|Дайтона Бич
Да-Нанг|Да-Нанг
Дапаризо|Дапаризо
Доп|Доп
Датина|Датина
Дарцзилин|Дарцзилин
Даллас|Даллас
Дамаск|Дамаск
Дарчула|Дарчула
Датонг|Датонг
Дару|Дару
Давид|Давид
Дэцзян|Дэцзян
Дарваз|Дарваз
Далбандин|Далбандин
Дханбад|Дханбад
Дебра-Маркос|Дебра-Маркос
Дублин|Дублин
Дуббо|Дуббо
Дюбюк|Дюбюк
Дебра-Табор|Дебра-Табор
Дубровник|Дубровник
Кастре|Кастре
Даньдон|Даньдон
Додоима|Додоима
Даду|Даду
Дебрецен|Дебрецен
Дера Дун|Дера Дун
Нью Дели|Нью Дели
Дембидолло|Дембидолло
Денвер|Денвер
Диарборн|Диарборн
Дерим|Дерим
Десрочес|Десрочес
Детройт|Детройт
Дангрига|Дангрига
Дегабур|Дегабур
Муджи|Муджи
Дуранго|Дуранго
Даугавпилс|Даугавпилс
Даргавиль|Даргавиль
Думагете|Думагете
Дедугу|Дедугу
Дхахран|Дхахран
Абу-Даби|Абу-Даби
Дхангархи|Дхангархи
Дала|Дала
Дхарамсала|Дхарамсала
Дибругарх|Дибругарх
Дили|Дили
Дижон|Дижон
Дили|Дили
Диапага|Диапага
Диквелла|Диквелла
Диярбакыр|Диярбакыр
Джугу|Джугу
Джамби|Джамби
Джерба|Джерба
Джамбала|Джамбала
Джупивогур|Джупивогур
Данк Айленд|Данк Айленд
Дакар|Дакар
Диксон|Диксон
Дуала|Дуала
Далиан|Далиан
Гейло|Гейло
Дель Рио|Дель Рио
Далат|Далат
Даламан|Даламан
Диллонс-Бей|Диллонс-Бей
Туксон|Туксон
Жамбыл|Жамбыл
Москва|Москва
Дамар|Дамар
Димапур|Димапур
Окинава|Окинава
Данди|Данди
Даллас|Даллас
Дерна|Дерна
Дунхуань|Дунхуань
Вад-Медани|Вад-Медани
Днепропетровск|Днепропетровск
Данг|Данг
Динард|Динард
Санта-Ана|Санта-Ана
Динангат|Динангат
Диндер|Диндер
Денизли|Денизли
Доани|Доани
Дорноч|Дорноч
Додома|Додома
Дьомье|Дьомье
Донгола|Донгола
Доха|Доха
Дойни|Дойни
Донецк|Донецк
Дювиль|Дювиль
Доминика|Доминика
Дос-Лагунас|Дос-Лагунас
Доробисоро|Доробисоро
Дольпа|Дольпа
Дори|Дори
Диос|Диос
Чикаго|Чикаго
Дьеп|Дьеп
Диполог|Диполог
Девонпорт|Девонпорт
Думпу|Думпу
Дриетаббетье|Дриетаббетье
Драма|Драма
Дуранго|Дуранго
Дрезден|Дрезден
Дель Рио|Дель Рио
Дарвин|Дарвин
Дшанг|Дшанг
Ла-Дезираде|Ла-Дезираде
Десси|Десси
Дестин|Дестин
Дера-Исмаил-Хан|Дера-Исмаил-Хан
Дару|Дару
Датадавай|Датадавай
Дает|Дает
Долина Смерти|Долина Смерти
Дортмунд|Дортмунд
Дублин|Дублин
Дунедин|Дунедин
Дундо|Дундо
Думаи|Думаи
Дундас|Дундас
Дурбан|Дурбан
Дюссельдорф|Дюссельдорф
Дева|Дева
Феникс|Феникс
Соалала|Соалала
Хьюстон|Хьюстон
Оклахома Сити|Оклахома Сити
Орландо|Орландо
До-Альпес|До-Альпес
Дубай|Дубай
Дэань|Дэань
Анадырь|Анадырь
Кодаси|Кодаси
Жезказган|Жезказган
Дазу|Дазу
Аббсе|Аббсе
Эмей|Эмей
Неджран|Неджран
Сан-Себастьян|Сан-Себастьян
Остров Эльба|Остров Эльба
Эль-Обейд|Эль-Обейд
Эсбьерг|Эсбьерг
Эль-Борма|Эль-Борма
Эбадон|Эбадон
Батон Руж|Батон Руж
Сент Етьенн|Сент Етьенн
Эболова|Эболова
Эчука|Эчука
Эль-Энканто|Эль-Энканто
Эль-Чарко|Эль-Чарко
Ньюкасл|Ньюкасл
Анкораж|Анкораж
Эдинбург|Эдинбург
Эль-Дорадо|Эль-Дорадо
Элдорет|Элдорет
Ла-Рош|Ла-Рош
Эрандике|Эрандике
Хьюстон|Хьюстон
Эфоги|Эфоги
Кефалония|Кефалония
Энгати|Энгати
Бержерак|Бержерак
Вальпараисо|Вальпараисо
Негелли|Негелли
Сиж|Сиж
Белгород|Белгород
Эгилсстадир|Эгилсстадир
Эль-Больсон|Эль-Больсон
Эйя|Эйя
Айзенах|Айзенах
Енисейск|Енисейск
Эйндховен|Эйндховен
Эйн-Яхав|Эйн-Яхав
Барранкабермежа|Барранкабермежа
Ведих|Ведих
Экибастуз|Экибастуз
Экереку|Экереку
Эскилстуна|Эскилстуна
Эль-Банко|Эль-Банко
Эль-Дорадо|Эль-Дорадо
Эль-Реал|Эль-Реал
Эль-Фашер|Эль-Фашер
Эль-Голеа|Эль-Голеа
Эль-Рекрео|Эль-Рекрео
Эллисрас|Эллисрас
Эльдорадо|Эльдорадо
Эль Пасо|Эль Пасо
Ист-Лондон|Ист-Лондон
Тур-Синай-Сити|Тур-Синай-Сити
Сан-Кристобаль|Сан-Кристобаль
Эмден|Эмден
Эмпангени|Эмпангени
Эмирау|Эмирау
Люцерн|Люцерн
Нема|Нема
Эмо|Эмо
Эмбесса|Эмбесса
Эль-Майтен|Эль-Майтен
Эль-Минья|Эль-Минья
Ненси|Ненси
Энде|Энде
Енонтекио|Енонтекио
Энши|Энши
Эль-Нараньо|Эль-Нараньо
Инкарнасьон|Инкарнасьон
Энсхеде|Энсхеде
Энугу|Энугу
Эдей|Эдей
Эль-Дорадо|Эль-Дорадо
Элорса|Элорса
Эпи|Эпи
Эпископи|Эпископи
Эпиналь|Эпиналь
Эпена|Эпена
Самана|Самана
Элиптамин|Элиптамин
Парну|Парну
Эскель|Эскель
Эригаво|Эригаво
Эрзинкан|Эрзинкан
Бердянск|Бердянск
Эрейв|Эрейв
Эрфурт|Эрфурт
Эри|Эри
Виндхек|Виндхек
Эруме|Эруме
Эрзурум|Эрзурум
Анкара|Анкара
Александрия|Александрия
Марискал-Эстигар|Марискал-Эстигар
Эскишехир|Эскишехир
Элиста|Элиста
Сальвадор|Сальвадор
Эссен|Эссен
Эссаурия|Эссаурия
Генда-Вуха|Генда-Вуха
Эйлат|Эйлат
Эуа|Эуа
Юджин|Юджин
Ноймюнстер|Ноймюнстер
Лаайюн|Лаайюн
Паратебуэно|Паратебуэно
Свег|Свег
Ереван|Ереван
Эвро|Эвро
Эвер|Эвер
Энаротали|Энаротали
Ньютон|Ньютон
Нью Берн|Нью Берн
Эво|Эво
Эксетер|Эксетер
Йелиман|Йелиман
Эль-Йопал|Эль-Йопал
Элийе-Спрингс|Элийе-Спрингс
Ки Уэст|Ки Уэст
Буэнос-Айрес|Буэнос-Айрес
Элязыг|Элязыг
Фаранах|Фаранах
Фагурхолсмыри|Фагурхолсмыри
Фарах|Фарах
Фарсунд|Фарсунд
Фаро|Фаро
Фарго|Фарго
Фаскрудсфьордур|Фаскрудсфьордур
Фресно|Фресно
Файетвилл|Файетвилл
Файзабад|Файзабад
Фиксбург|Фиксбург
Фресно|Фресно
Миннеаполис|Миннеаполис
Рим|Рим
Колорадо Спрингз|Колорадо Спрингз
Якима|Якима
Форде|Форде
Фридрихшафен|Фридрихшафен
Бандунду|Бандунду
Санфебагар|Санфебагар
Фергана|Фергана
Фергусонс-Галф|Фергусонс-Галф
Сан Фернандо|Сан Фернандо
Чейнни|Чейнни
Фес|Фес
Футалеуфу|Футалеуфу
Фокс Гласиер|Фокс Гласиер
Фенгерола|Фенгерола
Фангатау|Фангатау
Факахина|Факахина
Фейр-Айсл|Фейр-Айсл
Фриа|Фриа
Финшхафен|Финшхафен
Карлсруэ|Карлсруэ
Фукуи|Фукуи
Фукушима|Фукушима
Флоренсиа|Флоренсиа
Фоллз-Крик|Фоллз-Крик
Петерсбург|Петерсбург
Фленсбург|Фленсбург
Форт Лодердейл|Форт Лодердейл
Филадельфия|Филадельфия
Флорианополис|Флорианополис
Флоренция|Флоренция
Флоренция|Флоренция
Нью-Йорк|Нью-Йорк
Формоса|Формоса
Фолмаут|Фолмаут
Калемие|Калемие
Форт Майерс|Форт Майерс
Фейн|Фейн
Фада-Нгурма|Фада-Нгурма
Финча|Финча
Ним|Ним
Пхеньян|Пхеньян
Флинт|Флинт
Фучжоу|Фучжоу
Фоджия|Фоджия
Фумбан|Фумбан
Нумфоор|Нумфоор
Форест Парк|Форест Парк
Форталеса|Форталеса
Фугаму|Фугаму
Фойя|Фойя
Франкфурт-на-Майне|Франкфурт-на-Майне
Франка|Франка
Фера-Айленд|Фера-Айленд
Франкфурт-на-Майне|Франкфурт-на-Майне
Фрехус|Фрехус
Форли|Форли
Флоро|Флоро
Ферамин|Ферамин
Флорес|Флорес
Фрутильяр|Фрутильяр
Бишкек|Бишкек
Франсистаун|Франсистаун
Форрес|Форрес
Футуна-Айленд|Футуна-Айленд
Фитута|Фитута
Форт-Дофин|Форт-Дофин
Форт Уорт|Форт Уорт
Атланта|Атланта
Фуллборн|Фуллборн
Фуан|Фуан
Фуку|Фуку
Фукуока|Фукуока
Фума|Фума
Фушань|Фушань
Футуна-Айленд|Футуна-Айленд
Форт Уэйн|Форт Уэйн
Форт-Вильям|Форт-Вильям
Форт Лодердейл|Форт Лодердейл
Файетвилл|Файетвилл
Фуюнь|Фуюнь
Файя|Файя
Файетвилл|Файетвилл
Бристоль|Бристоль
Гуамал|Гуамал
Грация|Грация
Габес|Габес
Гафса|Гафса
Ямагата|Ямагата
Ген-Айленд|Ген-Айленд
Гуантанамо|Гуантанамо
Гусап|Гусап
Гао|Гао
Гарайна|Гарайна
Гарисса|Гарисса
Гап|Гап
Гаг-Айленд|Гаг-Айленд
Ганго|Ганго
Гамба|Гамба
Гайя|Гайя
Биг-Бей|Биг-Бей
Гара-Джебилет|Гара-Джебилет
Гасуке|Гасуке
Габороне|Габороне
Негарбо|Негарбо
Мари-Галанте|Мари-Галанте
Гбангбаток|Гбангбаток
Гарбахари|Гарбахари
Сан Джованни Ротондо|Сан Джованни Ротондо
Балтимор|Балтимор
Порт-Фицрой|Порт-Фицрой
Грейт-Барьер-Айленд|Грейт-Барьер-Айленд
Жилетте|Жилетте
Гернси|Гернси
Йоханнесбург|Йоханнесбург
Гунда|Гунда
Магдагачи|Магдагачи
Гордил|Гордил
Гандаджика|Гандаджика
Гуадалахара|Гуадалахара
Гданьск|Гданьск
Гуадалупе|Гуадалупе
Гондэр|Гондэр
Магадан|Магадан
Геленджик|Геленджик
Гебе|Гебе
Геситкале|Геситкале
Жева-Эйрстрип|Жева-Эйрстрип
Спокане|Спокане
Осло|Осло
Нуэва-Герона|Нуэва-Герона
Женерал-Сантос|Женерал-Сантос
Галливаре|Галливаре
Гелонг|Гелонг
Бартика|Бартика
Гранвиль|Гранвиль
Грутфонтейн|Грутфонтейн
Лумбала|Лумбала
Жилгал|Жилгал
Гимби|Гимби
Гарахин|Гарахин
Гуш-Катиф|Гуш-Катиф
Гуанчжань|Гуанчжань
Гат|Гат
Гуалегуайчу|Гуалегуайчу
Гибралтар|Гибралтар
Сигуири|Сигуири
Гилгит|Гилгит
Миеле-Мимбале|Миеле-Мимбале
Гизборн|Гизборн
Гейта|Гейта
Сигирия|Сигирия
Гранд Джанкшн|Гранд Джанкшн
Горока|Горока
Гайленкирхен|Гайленкирхен
Горкха|Горкха
Конгобумба|Конгобумба
Гатлинбург|Гатлинбург
Гелади|Гелади
Голфито|Голфито
Галкайо|Галкайо
Гол|Гол
Гленормистон|Гленормистон
Гулимим|Гулимим
Глучестер|Глучестер
Гулгубип|Гулгубип
Гелвстон|Гелвстон
Гледстоун|Гледстоун
Галела|Галела
Бреда|Бреда
Гамбела|Гамбела
Герима|Герима
Гомель|Гомель
Гасмата-Айленд|Гасмата-Айленд
Гамбома|Гамбома
Греймауз|Греймауз
Гимараес|Гимараес
Райндален|Райндален
Гродно|Гродно
Гренобль|Гренобль
Гент|Гент
Грин Айленд|Грин Айленд
Гиннир|Гиннир
Хенераль-Рока|Хенераль-Рока
Гунунгситоли|Гунунгситоли
Ганзи|Ганзи
Гоба|Гоба
Гора|Гора
Гоа|Гоа
Нижний Новгород|Нижний Новгород
Гома|Гома
Горахпур|Горахпур
Голмуд|Голмуд
Гор|Гор
Готенбург|Готенбург
Гаруа|Гаруа
Гал-Ойя|Гал-Ойя
Патрас|Патрас
Гуапи|Гуапи
Гуапайлз|Гуапайлз
Хенераль-Пико|Хенераль-Пико
Гамарра|Гамарра
Грин Бэй|Грин Бэй
Гранд-Цесс|Гранд-Цесс
Такома|Такома
Гардез|Гардез
Гаруахи|Гаруахи
Джордж|Джордж
Гараса|Гараса
Герона|Герона
Гронинген|Гронинген
Гроссето|Гроссето
Гуджрат|Гуджрат
Сао Паоло|Сао Паоло
Грозный|Грозный
Гранада|Гранада
Гримси|Гримси
Грац|Грац
Готенбург|Готенбург
Гуадалканал|Гуадалканал
Гардо|Гардо
Гедарев|Гедарев
Гримсби|Гримсби
Гентинг|Гентинг
Гюттин|Гюттин
Маунт Кук|Маунт Кук
Горонтало|Горонтало
Злин|Злин
Геттисберг|Геттисберг
Гватемала Сити|Гватемала Сити
Гверреро-Негро|Гверреро-Негро
Гундам|Гундам
Гуари|Гуари
Гуйриа|Гуйриа
Гоулбурн|Гоулбурн
Гуалако|Гуалако
Галлап|Галлап
Гуанаре|Гуанаре
Мугулу|Мугулу
Атырау|Атырау
Гуна|Гуна
Женева|Женева
Грин-Ривер|Грин-Ривер
Гавле|Гавле
Гвадар|Гвадар
Гверу|Гверу
Гвалиор|Гвалиор
Берлин|Берлин
Голуэй|Голуэй
Сейюн|Сейюн
Негаге|Негаге
Милденхолл|Милденхолл
Койайке|Койайке
Ягуа|Ягуа
Гуаярамерин|Гуаярамерин
Баку|Баку
Гуайяквил|Гуайяквил
Гисеный|Гисеный
Газни|Газни
Гозо|Гозо
Гизо|Гизо
Газиантеп|Газиантеп
Хасвик|Хасвик
Гамильтон|Гамильтон
Халмстад|Халмстад
Ганновер|Ганновер
Хайкоу|Хайкоу
Халали|Халали
Гамбург|Гамбург
Ханой|Ханой
Гамильтон|Гамильтон
Лонг Айленд|Лонг Айленд
Хаиль|Хаиль
Хаугезунд|Хаугезунд
Гавана|Гавана
Хетцфельдтавен|Хетцфельдтавен
Хобарт|Хобарт
Александрия|Александрия
Хаттисберг|Хаттисберг
Харбор-Айленд|Харбор-Айленд
Бабелеги|Бабелеги
Хафр-Альбатин|Хафр-Альбатин
Хубли|Хубли
Холлз Крик|Холлз Крик
Йоханнесбург|Йоханнесбург
Хайдельберг|Хайдельберг
Хидерабад|Хидерабад
Херингсдорф|Херингсдорф
Хамадан|Хамадан
Хат Яй|Хат Яй
Герат|Герат
Хензада|Хензада
Хелена|Хелена
Хехо|Хехо
Хейхе|Хейхе
Хельсинки|Хельсинки
Хоххот|Хоххот
Гуелва|Гуелва
Афины|Афины
Санто-Доминго|Санто-Доминго
Натчез|Натчез
Хайфа|Хайфа
Хартфорд|Хартфорд
Хефей|Хефей
Хагфорс|Хагфорс
Хаммерфест|Хаммерфест
Харгейса|Харгейса
Ханчжоу|Ханчжоу
Хелголанд|Хелголанд
Мей-Хонг-Сон|Мей-Хонг-Сон
Чанша|Чанша
Хачинохе|Хачинохе
Гонконг|Гонконг
Хуа-Хин|Хуа-Хин
Хикуэру|Хикуэру
Претория|Претория
Хорн-Айленд|Хорн-Айленд
Огден|Огден
Хайбери|Хайбери
Хук-Айленд|Хук-Айленд
Хиросима|Хиросима
Гонолулу|Гонолулу
Шилаво|Шилаво
Хейман Айленд|Хейман Айленд
Хиваро|Хиваро
Хиросима|Хиросима
Кхаджурахо|Кхаджурахо
Хакодате|Хакодате
Гонконг|Гонконг
Хокитика|Хокитика
Джексон|Джексон
Пхукет|Пхукет
Хасково|Хасково
Лансерия|Лансерия
Хайлар|Хайлар
Хултсфред|Хултсфред
Уланьхот|Уланьхот
Хелена|Хелена
Джакарта|Джакарта
Сент Хеленс|Сент Хеленс
Гамильтон|Гамильтон
Хеленвейл|Хеленвейл
Хлухлуве|Хлухлуве
Гамильтон|Гамильтон
Ханты-Мансийск|Ханты-Мансийск
Хами|Хами
Хмельницкий|Хмельницкий
Аламогордо|Аламогордо
Хермосилльо|Хермосилльо
Хамар|Хамар
Токио|Токио
Хьенгене|Хьенгене
Хейвени|Хейвени
Гонолулу|Гонолулу
Хонинаби|Хонинаби
Хеньян|Хеньян
Хола|Хола
Хоуисей|Хоуисей
Голгуин|Голгуин
Хохенемс|Хохенемс
Хао-Айленд|Хао-Айленд
Кваньдук|Кваньдук
Хоф|Хоф
Хомалин|Хомалин
Хой-Айленд|Хой-Айленд
Хейфонг|Хейфонг
Претория|Претория
Мансехра|Мансехра
Харбин|Харбин
Жайрем|Жайрем
Хараре|Хараре
Хургада|Хургада
Чаурджхари|Чаурджхари
Харьков|Харьков
Харлинген|Харлинген
Герон Айленд|Герон Айленд
Херрера|Херрера
Харрисмит|Харрисмит
Херрогейт|Херрогейт
Шаогуань|Шаогуань
Лас Вегас|Лас Вегас
Хуэска|Хуэска
Чжушань|Чжушань
Хиссар|Хиссар
Чита|Чита
Хатанга|Хатанга
Хамилтон Айленд|Хамилтон Айленд
Хотан|Хотан
Хатерума|Хатерума
Хато-Коросал|Хато-Коросал
Хамберт-Ривер|Хамберт-Ривер
Хумера|Хумера
Хухутенанго|Хухутенанго
Гуе|Гуе
Хуалянь|Хуалянь
Хоун|Хоун
Уануко|Уануко
Худиксвалл|Худиксвалл
Хуатулко|Хуатулко
Хамберсайд|Хамберсайд
Хуэйчжоу|Хуэйчжоу
Аналалава|Аналалава
Херви Бей|Херви Бей
Хоннигсвог|Хоннигсвог
Холмавик|Холмавик
Хваммстанги|Хваммстанги
Хавабанго|Хавабанго
Холливуд|Холливуд
Хианнис|Хианнис
Хай-Вайкомб|Хай-Вайкомб
Хидерабад|Хидерабад
Хейфильдз|Хейфильдз
Хуанань|Хуанань
Хивинкаа|Хивинкаа
Хазебрук|Хазебрук
Ханьчжун|Ханьчжун
Хусавик|Хусавик
Хезивью|Хезивью
Игарка|Игарка
Вичита|Вичита
Ниагара Фоллз|Ниагара Фоллз
Хьюстон|Хьюстон
Бахреган|Бахреган
Ярославль|Ярославль
Иаси|Иаси
Ибадан|Ибадан
Ибаги|Ибаги
Ибоки|Ибоки
Ибо|Ибо
Иберия|Иберия
Ибица|Ибица
Икабару|Икабару
Кикия|Кикия
Сеул|Сеул
Никаро|Никаро
Вичита|Вичита
Айдахо Фоллз|Айдахо Фоллз
Идре|Идре
Идиофа|Идиофа
Индаген|Индаген
Индепенденс|Индепенденс
Индор|Индор
Зелена-Гора|Зелена-Гора
Иежима|Иежима
Киев|Киев
Исафьордур|Исафьордур
Исфахан|Исфахан
Ивано-Франковск|Ивано-Франковск
Инженеро-Джако|Инженеро-Джако
Игуэла|Игуэла
Измир|Измир
Илиган|Илиган
Чигородо|Чигородо
Кишн|Кишн
Ихоси|Ихоси
Иху|Иху
Нисиноомоте|Нисиноомоте
Ниссан-Айленд|Ниссан-Айленд
Ижевск|Ижевск
Ики|Ики
Икела|Икела
Тикси|Тикси
Иркутск|Иркутск
Иллага|Иллага
Илака|Илака
Йоило|Йоило
Илорин|Илорин
Килагуни|Килагуни
Жилина|Жилина
Иамалеле|Иамалеле
Имбаимадай|Имбаимадай
Имонда|Имонда
Имфал|Имфал
Иньяминга|Иньяминга
Симикот|Симикот
Нимроз|Нимроз
Инта|Инта
Индепенденс|Индепенденс
Фучуан|Фучуан
Шинде|Шинде
Ин-Геззам|Ин-Геззам
Иньямбане|Иньямбане
Ниш|Ниш
Инсбрук|Инсбрук
Инонго|Инонго
Инишир|Инишир
Со Сен Мари|Со Сен Мари
Инанватан|Инанватан
Ин-Салах|Ин-Салах
Иоаннина|Иоаннина
Иокеа|Иокеа
Импфондо|Импфондо
Иома|Иома
Инишмор|Инишмор
Илеус|Илеус
Ипота|Ипота
Ипил|Ипил
Ипиранга|Ипиранга
Ипох|Ипох
Ипиалес|Ипиалес
Ипатинга|Ипатинга
Ипсвич|Ипсвич
Куэмо|Куэмо
Куаньян|Куаньян
Икуике|Икуике
Икуитос|Икуитос
Киракира|Киракира
Иринга|Иринга
Ла-Риоха|Ла-Риоха
Ириона|Ириона
Искуанде|Искуанде
Испарта|Испарта
Исигаки|Исигаки
о.Искья|о.Искья
Айла Мухерес|Айла Мухерес
Насик|Насик
Киссимми|Киссимми
Стамбул|Стамбул
Итокама|Итокама
Осака|Осака
Ниуе-Айленд|Ниуе-Айленд
Инус|Инус
Амбандза|Амбандза
Инверкаргилл|Инверкаргилл
Ивало|Ивало
Чиволо|Чиволо
Иваново|Иваново
Ивами|Ивами
Хьюстон|Хьюстон
Агартала|Агартала
Багдогра|Багдогра
Чандигарх|Чандигарх
Аллахабад|Аллахабад
Мангалор|Мангалор
Белгаум|Белгаум
Кайлашахар|Кайлашахар
Лилабари|Лилабари
Джамму|Джамму
Кешод|Кешод
Лех|Лех
Мадурай|Мадурай
Ховаи|Ховаи
Патханкот|Патханкот
Камалпур|Камалпур
Ранчи|Ранчи
Силчар|Силчар
Пасигхат|Пасигхат
Аурангабад|Аурангабад
Алонг|Алонг
Джамшедпур|Джамшедпур
Кандия|Кандия
Порт-Блер|Порт-Блер
Идзумо|Идзумо
Ихтепек|Ихтепек
Джелалабад|Джелалабад
Джабиру|Джабиру
Джексон|Джексон
Перт|Перт
Атланта|Атланта
Джафна|Джафна
Джакобабад|Джакобабад
Джайпур|Джайпур
Атланта|Атланта
Халапа|Халапа
Джамбол|Джамбол
Джексон|Джексон
Атланта|Атланта
Пунта Ренес|Пунта Ренес
Жакино-Бей|Жакино-Бей
Джаспер|Джаспер
Хауха|Хауха
Бостон|Бостон
Лос Анджелес|Лос Анджелес
Канны|Канны
Сан-Кристобаль|Сан-Кристобаль
Инчеон|Инчеон
Сеута|Сеута
Лос Анджелес|Лос Анджелес
Даллас|Даллас
Джодхпур|Джодхпур
Майами|Майами
Иордания|Иордания
Париж|Париж
Миннеаполис|Миннеаполис
Хьюстон|Хьюстон
Цзиньдэчжэнь|Цзиньдэчжэнь
Джедда|Джедда
Жереми|Жереми
Джех|Джех
Джерси|Джерси
Нью-Йорк|Нью-Йорк
Фримантл|Фримантл
Джамнагар|Джамнагар
Джагдалпур|Джагдалпур
Атланта|Атланта
Цзяюйгуань|Цзяюйгуань
Хьюстон|Хьюстон
Хьюстон|Хьюстон
Джохор-Бару|Джохор-Бару
Цзиньхонг|Цзиньхонг
Джеймстаун|Джеймстаун
Кембрдидж|Кембрдидж
Джибути|Джибути
Лос Анджелес|Лос Анджелес
Джиджига|Джиджига
Цзилинь|Цзилинь
Джимма|Джимма
Джинджа|Джинджа
Хипихапа|Хипихапа
Джири|Джири
Цзюцзянь|Цзюцзянь
Дживани|Дживани
Хуанхуй|Хуанхуй
Цзиньян|Цзиньян
Йонкопинг|Йонкопинг
Хиос|Хиос
Джанакпур|Джанакпур
Джакарта|Джакарта
Езоло|Езоло
Джабалпур|Джабалпур
Лос Анджелес|Лос Анджелес
Хьюстон|Хьюстон
Джамба|Джамба
Даллас|Даллас
Миконос|Миконос
Малмо|Малмо
Джомсом|Джомсом
Джеймстаун|Джеймстаун
Джаймуси (Китай)|Джаймуси (Китай)
Цзинин|Цзинин
Даллас|Даллас
Хунин|Хунин
Нанорталик|Нанорталик
Ньюпорт Бич|Ньюпорт Бич
Наксо|Наксо
Цзиньчжоу|Цзиньчжоу
Санта-Ана|Санта-Ана
Йонсуу|Йонсуу
Джогиякарта|Джогиякарта
Йошкар-Ола|Йошкар-Ола
Жоло|Жоло
Ньомбе|Ньомбе
Жозефсталль|Жозефсталль
Орандж|Орандж
Йос|Йос
Жоао Пессоа|Жоао Пессоа
Хьюстон|Хьюстон
Париж|Париж
Жак|Жак
Нью-Йорк|Нью-Йорк
Рочестер|Рочестер
Нью-Йорк|Нью-Йорк
Йорхат|Йорхат
Арсук|Арсук
Килиманджаро|Килиманджаро
Иерусалим|Иерусалим
Джайсалмер|Джайсалмер
Сан-Рафаэль|Сан-Рафаэль
Скиатлос|Скиатлос
Атлантик Сити|Атлантик Сити
Лос Анджелес|Лос Анджелес
Содерталье|Содерталье
Джессор|Джессор
Спецаи-Айленд|Спецаи-Айленд
Сирос-Айленд|Сирос-Айленд
Таузэнд Оукс|Таузэнд Оукс
Жуара|Жуара
Джуба|Джуба
Лос Анджелес|Лос Анджелес
Юист|Юист
Хухуй|Хухуй
Хулиака|Хулиака
Джумла|Джумла
Журадо|Журадо
Хутикальпа|Хутикальпа
Упернавик|Упернавик
Анкавандра|Анкавандра
Жваненг|Жваненг
Лос Анджелес|Лос Анджелес
Хьюстон|Хьюстон
Хьюстон|Хьюстон
Джексон|Джексон
Ювяскюля|Ювяскюля
Касама|Касама
Кариба|Кариба
Камешли|Камешли
Кадуна|Кадуна
Карато|Карато
Гангнеунг|Гангнеунг
Мельбурн|Мельбурн
Каетер|Каетер
Каяне|Каяне
Кано|Кано
Кусамо|Кусамо
Капанга|Капанга
Камулай|Камулай
Камаранг|Камаранг
Карасбург|Карасбург
Кайтайа|Кайтайа
Каухава|Каухава
Каванаен|Каванаен
Котонг|Котонг
Вакая-Айленд|Вакая-Айленд
Кау|Кау
Кабала|Кабала
Киркимби|Киркимби
Карубага|Карубага
Калат|Калат
Криби|Криби
Кингз Каньон|Кингз Каньон
Кабвум|Кабвум
Кабинда|Кабинда
Кабало|Кабало
Борисполь|Борисполь
Касунгу|Касунгу
Кота-Бару|Кота-Бару
Котабару|Котабару
Краби|Краби
Камбуая|Камбуая
Каикоура|Каикоура
Куга|Куга
Касикасима|Касикасима
Кучинг|Кучинг
Канзас Сити|Канзас Сити
Косаели|Косаели
Каменец-Подольский|Каменец-Подольский
Кингз Крик Стэйшн|Кингз Крик Стэйшн
Коггала|Коггала
Масинди|Масинди
Кочи|Кочи
Колда|Колда
Канди|Канди
Хуздар|Хуздар
Короба|Короба
Карджали|Карджали
Кандагар|Кандагар
Кярдла|Кярдла
Кандеп|Кандеп
Кандриан|Кандриан
Скарду|Скарду
Кандаву|Кандаву
Канди|Канди
Кейса|Кейса
Касенга|Касенга
Кеди|Кеди
Келле|Келле
Рейкьявик|Рейкьявик
Кегльсугль|Кегльсугль
Кепи|Кепи
Кемерово|Кемерово
Киел|Киел
Кенема|Кенема
Непалгандж|Непалгандж
Кебар|Кебар
Керман|Керман
Канабеа|Канабеа
Керичо|Керичо
Киффа|Киффа
Калкурунг|Калкурунг
Кастамону|Кастамону
Кананга|Кананга
Конге|Конге
Калининград|Калининград
Караганда|Караганда
Кедугу|Кедугу
Йонгай|Йонгай
Калгурли|Калгурли
Каронга|Каронга
Казонго-Лунда|Казонго-Лунда
Кировоград|Кировоград
Когалым|Когалым
Кос|Кос
Кенингау|Кенингау
Каги|Каги
Кингарой|Кингарой
Ханех|Ханех
Керчь|Керчь
Херсон|Херсон
Каши|Каши
Каухайоки|Каухайоки
Кхулна|Кхулна
Хамти|Хамти
Наньчан|Наньчан
Хасаб|Хасаб
Хост|Хост
Кременчуг|Кременчуг
Хабаровск|Хабаровск
Кайапит|Кайапит
Кристианстад|Кристианстад
Киета|Киета
Киш-Айленд|Киш-Айленд
Ниигата|Ниигата
Киркук|Киркук
Килва|Килва
Кимберли|Кимберли
Кингстоун|Кингстоун
Кира|Кира
Кисуму|Кисуму
Китира|Китира
Киунга|Киунга
Кишинев|Кишинев
Китве|Китве
Осака|Осака
Килва|Килва
Кикинонда|Кикинонда
Красноярск|Красноярск
Керама|Керама
Камираба|Камираба
Кхон Каен|Кхон Каен
Кокода|Кокода
Конаварук|Конаварук
Кита-Кюсю|Кита-Кюсю
Лоп Бури|Лоп Бури
Киркенес|Киркенес
Кайкоэ|Кайкоэ
Киквит|Киквит
Кикаига-Сима|Кикаига-Сима
Килкенни|Килкенни
Калабо|Калабо
Каолак|Каолак
Тверь|Тверь
Келе|Келе
Калуга|Калуга
Колхапур|Колхапур
Калокол|Калокол
Калибо|Калибо
Келуанг|Келуанг
Калмар|Калмар
Кайзерслаутен|Кайзерслаутен
Клагенфурт|Клагенфурт
Карловы-Вары|Карловы-Вары
Каламата|Каламата
Калима|Калима
Кляйнзи|Кляйнзи
Керема|Керема
Койнамбе|Койнамбе
Манджи|Манджи
Камембе|Камембе
Камина|Камина
Кунминг|Кунминг
Куруман|Куруман
Миядзаки|Миядзаки
Кумамото|Кумамото
Макабана|Макабана
Кимам|Кимам
Камина|Камина
Китмансхуп|Китмансхуп
Коматсу|Коматсу
Каримуи|Каримуи
Кумаси|Кумаси
Кампот|Кампот
Кисмайо|Кисмайо
Калемьо|Калемьо
Кострома|Кострома
Винья-дель-Мар|Винья-дель-Мар
Канаб|Канаб
Кинду|Кинду
Канайндж|Канайндж
Каймана|Каймана
Кинмень|Кинмень
Киндамба|Киндамба
Каниама|Каниама
Канкан|Канкан
Коне|Коне
Канган|Канган
Кинг-Айленд|Кинг-Айленд
Канпур|Канпур
Кунунурра|Кунунурра
Кеньеба|Кеньеба
Кутаба|Кутаба
Кумак|Кумак
Котабангун|Котабангун
Кхонг|Кхонг
Кагошима|Кагошима
Кумала|Кумала
Комо-Манда|Комо-Манда
Контум|Контум
Конголо|Конголо
Накхон Патхом|Накхон Патхом
Кокоро|Кокоро
Куламуту|Куламуту
Кокшетау|Кокшетау
Ганьчжоу|Ганьчжоу
Коконао|Коконао
Копьяго|Копьяго
Япсией|Япсией
Курупунг|Курупунг
Компиам|Компиам
Пхохан|Пхохан
Акутан|Акутан
Кол|Кол
Крамфорс|Крамфорс
Карасабаи|Карасабаи
Кикори|Кикори
Каравари|Каравари
Краков|Краков
Корла|Корла
Каранамбо|Каранамбо
Кируна|Кируна
Курган|Курган
Каруп|Каруп
Краматорск|Краматорск
Краснодар|Краснодар
Кристиансенд|Кристиансенд
Хартум|Хартум
Керио-Валлей|Керио-Валлей
Кар-Кар|Кар-Кар
Карамай|Карамай
Кири|Кири
Касаномбе|Касаномбе
Косице|Косице
Карлстад|Карлстад
Касесе|Касесе
Кассел|Кассел
Кисенгам|Кисенгам
Керманшах|Керманшах
Киссидугу|Киссидугу
Карлскуга|Карлскуга
Кассала|Кассала
Костанай|Костанай
Кастория|Кастория
Косипе|Косипе
Карши|Карши
Сикассо|Сикассо
Кости|Кости
Кистиансанд|Кистиансанд
Кирьят-Шемона|Кирьят-Шемона
Ясуру|Ясуру
Карс|Карс
Котлас|Котлас
Каррата|Каррата
Кертех|Кертех
Такака|Такака
Кратье|Кратье
Кануа|Кануа
Китале|Китале
Катманду|Катманду
Като|Като
Кингстоун|Кингстоун
Кэтрин|Кэтрин
Киттила|Киттила
Мота|Мота
Катовице|Катовице
Кутиала|Кутиала
Куантан|Куантан
Куриа|Куриа
Кукунди|Кукунди
Самара|Самара
Кубин-Айленд|Кубин-Айленд
Куширо|Куширо
Кавау-Айленд|Кавау-Айленд
Кушимото|Кушимото
Куала-Лумпур|Куала-Лумпур
Каунас|Каунас
Куопио|Куопио
Купиано|Купиано
Кури|Кури
Кутаиси|Кутаиси
Кугурурок-Ривер, шт. Аляска|Кугурурок-Ривер, шт. Аляска
Кавала|Кавала
Сковде|Сковде
Гянджа|Гянджа
Китава|Китава
Кавьенг|Кавьенг
Кировск|Кировск
Королеву|Королеву
Киров|Киров
Каваджиа|Каваджиа
Гуйянг|Гуйянг
Кривой Рог|Кривой Рог
Хвахан|Хвахан
Гванджу|Гванджу
Гуйлинь|Гуйлинь
Кавито|Кавито
Квай-Харбор|Квай-Харбор
Мансьон-Хаус|Мансьон-Хаус
Курвина|Курвина
Киваи-Айленд|Киваи-Айленд
Кивайю|Кивайю
Колвези|Колвези
Клерксдорп|Клерксдорп
Комсомольск на Амуре|Комсомольск на Амуре
Карула|Карула
Конья|Конья
Орхид-Айленд|Орхид-Айленд
Триполи|Триполи
Ки Ларго|Ки Ларго
Милтон-Кейнес|Милтон-Кейнес
Тампа|Тампа
Кьяукпью|Кьяукпью
Кайес|Кайес
Кьяуктау|Кьяуктау
Ялумет|Ялумет
Кызыл|Кызыл
Кракор|Кракор
Каинтиба|Каинтиба
Козани|Козани
Казань|Казань
Кзыл-Орда|Кзыл-Орда
Кастелоризо|Кастелоризо
Лаблаб|Лаблаб
Ла-Гуайра|Ла-Гуайра
Лабуха|Лабуха
Ланнион|Ланнион
Лансинг|Лансинг
Лаоак|Лаоак
Ла Пас|Ла Пас
Бейда|Бейда
Лас Вегас|Лас Вегас
Лаломалава|Лаломалава
Ледисмит|Ледисмит
Латроуб|Латроуб
Париж|Париж
Сидней|Сидней
Альби|Альби
Лабуан-Баджо|Лабуан-Баджо
Либой|Либой
Луабо|Луабо
Лейк-Баринго|Лейк-Баринго
Лусамбо|Лусамбо
Ламбарене|Ламбарене
Лабаса|Лабаса
Либревилль|Либревилль
Сен Назер|Сен Назер
Ларнака|Ларнака
Лечче|Лечче
Луи-Тришар|Луи-Тришар
Рио Дульче|Рио Дульче
Ла Коруна|Ла Коруна
Лодзь|Лодзь
Ла-Колома|Ла-Колома
Ла-Хоррера|Ла-Хоррера
Лас-Канас|Лас-Канас
Лучча|Лучча
Лондон|Лондон
Малда|Малда
Лондрина|Лондрина
Лешуконское|Лешуконское
Линди|Линди
Лидкопинг|Лидкопинг
Ламиданда|Ламиданда
Ладуанье|Ладуанье
Лодар|Лодар
Ленкуа|Ленкуа
Санкт-Петербург|Санкт-Петербург
Лебакенг|Лебакенг
Алег|Алег
Ле Хавре|Ле Хавре
Алмерия|Алмерия
Лабе|Лабе
Леон|Леон
Лекони|Лекони
Лесобенг|Лесобенг
Бюрета|Бюрета
Лелистад|Лелистад
Ла-Фриа|Ла-Фриа
Нью-Йорк|Нью-Йорк
Льеж|Льеж
Лонг Айленд|Лонг Айленд
Лангкави|Лангкави
Лонг-Лелланг|Лонг-Лелланг
Лаягам|Лаягам
Линга-Линга|Линга-Линга
Лангеоог|Лангеоог
Лаго-Агрио|Лаго-Агрио
Кочране|Кочране
Маларкуэ|Маларкуэ
Лас-Гавиотас|Лас-Гавиотас
Лондон|Лондон
Лю-Ганан|Лю-Ганан
Лагуниллас|Лагуниллас
Легизамо|Легизамо
Лар|Лар
Лахор|Лахор
Лерех|Лерех
Лишань|Лишань
Леху|Леху
Лондон|Лондон
Лас-Херас|Лас-Херас
Ланчжоу|Ланчжоу
Лимон|Лимон
Лейден|Лейден
Либенж|Либенж
Лимож|Лимож
Мулиа|Мулиа
Лонг Айленд|Лонг Айленд
Лилль|Лилль
Лима|Лима
Милан|Милан
Лимон|Лимон
Лисала|Лисала
Либерия|Либерия
Лиссабон|Лиссабон
Лойкау|Лойкау
Ликома-Айленд|Ликома-Айленд
Лоджа|Лоджа
город Лицзян|город Лицзян
Любляна|Любляна
Ларантука|Ларантука
Лакеба|Лакеба
Лекана|Лекана
Лейклэнд-Даунз|Лейклэнд-Даунз
Лекнес|Лекнес
Лакнау|Лакнау
Лейк Плесид|Лейк Плесид
Лейк-Рудольф|Лейк-Рудольф
Лейк-Маньяра|Лейк-Маньяра
Брэндон|Брэндон
Лули|Лули
Малелейн|Малелейн
Лас-Лимас|Лас-Лимас
Лонг-Лама|Лонг-Лама
Келила|Келила
Линда-Даунз|Линда-Даунз
Лас-Ломитас|Лас-Ломитас
Салима|Салима
Лос-Менукос|Лос-Менукос
Ле Манс|Ле Манс
Ламасса|Ламасса
Лимон|Лимон
Луми|Луми
Лей-Айленд|Лей-Айленд
Лос-Мошис|Лос-Мошис
Марса-Брега|Марса-Брега
Лайм-Акрес|Лайм-Акрес
Кламмат Фоллз|Кламмат Фоллз
Лейк-Мюррей|Лейк-Мюррей
Палма|Палма
Уест Палм Бич|Уест Палм Бич
Ламен-Бей|Ламен-Бей
Ленгбати|Ленгбати
Мунбил|Мунбил
Лесе|Лесе
Лангимар|Лангимар
Лоани|Лоани
Смоленск|Смоленск
Линц|Линц
Лотарингия|Лотарингия
Лонгана|Лонгана
Лоэй|Лоэй
Лоун|Лоун
Лодвар|Лодвар
Лагос-де-Морено|Лагос-де-Морено
Лагос|Лагос
Монклова|Монклова
Лондон|Лондон
Ла Пас|Ла Пас
Ла-Педрера|Ла-Педрера
Ла-Примавера|Ла-Примавера
Лохгилпхед|Лохгилпхед
Линкопинг|Линкопинг
Пихигуаос|Пихигуаос
Липецк|Липецк
Ливерпуль|Ливерпуль
Ламап|Ламап
Лаппенранта|Лаппенранта
Луанг Прабанг|Луанг Прабанг
Лампанг|Лампанг
Лонг-Апунг|Лонг-Апунг
Лиепая|Лиепая
Ле-Пуй|Ле-Пуй
Лариса|Лариса
Лерибе|Лерибе
Лаарбух|Лаарбух
Ларедо|Ларедо
Лора-Лаи|Лора-Лаи
Ла Рошель|Ла Рошель
Лорика|Лорика
Ла-Романа|Ла-Романа
Мозес Лейк|Мозес Лейк
Лерос|Лерос
Лориент|Лориент
Лос-Рокес|Лос-Рокес
Лосуя|Лосуя
Ла Серена|Ла Серена
Лашио|Лашио
Лонг Айленд|Лонг Айленд
Лос-Чилес|Лос-Чилес
Лес-Саблес|Лес-Саблес
Лас-Пьедрас|Лас-Пьедрас
Лос Анджелес|Лос Анджелес
Лончестон|Лончестон
Лонг-Суканг|Лонг-Суканг
Лхок-Сукон|Лхок-Сукон
Цанин|Цанин
Латроуб|Латроуб
Лей|Лей
Гадамес|Гадамес
Лейтре|Лейтре
Лангтанг|Лангтанг
Алтай|Алтай
Латакия|Латакия
Ластурвилль|Ластурвилль
Летем|Летем
Лорето|Лорето
Линдхерст|Линдхерст
Леттеркенни|Леттеркенни
Лукла|Лукла
Лумид-Пау|Лумид-Пау
Людериц|Людериц
Лученец|Лученец
Феникс|Феникс
Лудхиана|Лудхиана
Ла-Унион|Ла-Унион
Лусикисики|Лусикисики
Луси|Луси
Сан-Луис|Сан-Луис
Лусанга|Лусанга
Лувук|Лувук
Люксембург|Люксембург
Лаваль|Лаваль
Ливингстоун|Ливингстоун
Ливингстон|Ливингстон
Лас Вегас|Лас Вегас
Леволеба|Леволеба
Ловай|Ловай
Львов|Львов
Лиуварден|Лиуварден
Луанг-Намтха|Луанг-Намтха
Луксор|Луксор
Лукулу|Лукулу
Люян|Люян
Ликселе|Ликселе
Лианьюнан|Лианьюнан
Линчбург|Линчбург
Луньюк|Луньюк
Лион|Лион
Фейсалабад|Фейсалабад
Лонгербьен|Лонгербьен
Лион|Лион
Луиза|Луиза
Лацаро-Карденас|Лацаро-Карденас
Ланчжоу|Ланчжоу
Лучжоу|Лучжоу
Луози|Луози
Лужчоу|Лужчоу
Лизард Айленд|Лизард Айленд
Макон|Макон
Мадрид|Мадрид
Мидленд|Мидленд
Маданг|Маданг
Мангочи|Мангочи
Малакал|Малакал
Манголе|Манголе
Матаморос|Матаморос
Манчестер|Манчестер
Манаус|Манаус
Мамаи|Мамаи
Мае Сот|Мае Сот
Маракайбо|Маракайбо
Матади|Матади
Матам|Матам
Менгров-Кэй|Менгров-Кэй
Момбаса|Момбаса
Мбигу|Мбигу
Монбецу|Монбецу
Мбея|Мбея
Монтего Бей|Монтего Бей
Матупа|Матупа
Мкамбати|Мкамбати
Мамбурао|Мамбурао
Мойобамба|Мойобамба
Мбарара|Мбарара
Мбаут|Мбаут
Масбате|Масбате
Мбамбанакира|Мбамбанакира
Маса|Маса
Марибор|Марибор
Масента|Масента
Сакраменто|Сакраменто
Мерсед|Мерсед
Тампа|Тампа
Мачала|Мачала
Канзас Сити|Канзас Сити
Маикао|Маикао
Монте-Карло|Монте-Карло
Макон|Макон
Мискольц|Мискольц
Мускат|Мускат
Монлукон|Монлукон
Махачкала|Махачкала
Масейо|Масейо
Мелинда|Мелинда
Манадо|Манадо
Мидленд|Мидленд
Меделлин|Меделлин
Муданьцзян|Муданьцзян
Макурди|Макурди
Мбандака|Мбандака
Мандалай|Мандалай
Мундуку|Мундуку
Миндиптана|Миндиптана
Миддл-Кайкос|Миддл-Кайкос
Менди|Менди
Медунеу|Медунеу
Чикаго|Чикаго
Мерседес|Мерседес
Мендоса|Мендоса
Мельбурн|Мельбурн
Мелфи|Мелфи
Мехамн|Мехамн
Меридиан|Меридиан
Мекнес|Мекнес
Мельбурн|Мельбурн
Мемфис|Мемфис
Менде|Менде
Мерсинг|Мерсинг
Меулабох|Меулабох
Медан|Медан
Монте-Дурадо|Монте-Дурадо
Мвека|Мвека
Мексико Сити|Мексико Сити
Мегхаули|Мегхаули
Мессина|Мессина
Монфорт|Монфорт
Мафетенг|Мафетенг
Моанда|Моанда
Музаффарабад|Музаффарабад
Моала|Моала
Макао|Макао
Милфорд Саунд|Милфорд Саунд
Маради|Маради
Мирафлорес|Мирафлорес
Мачу-Пиччу|Мачу-Пиччу
Мфуве|Мфуве
Мерибел|Мерибел
Магдалена|Магдалена
Маргейт|Маргейт
Манга|Манга
Могадишо|Могадишо
Манаунг|Манаунг
Моаби|Моаби
Мадиа|Мадиа
Окленд|Окленд
Машад|Машад
Митчелл|Митчелл
Морихал|Морихал
Маннхайм|Маннхайм
Муша|Муша
Маршалл|Маршалл
Минск|Минск
Мариехамн|Мариехамн
Манихики-Айленд|Манихики-Айленд
Морехед|Морехед
Милденхолл|Милденхолл
Майами|Майами
Миннеаполис|Миннеаполис
Мериба|Мериба
Митчелл-Плато|Митчелл-Плато
Миккели|Миккели
Меримбула|Меримбула
Майами|Майами
Монастир|Монастир
Майдугури|Майдугури
Мирити|Мирити
Мандза|Мандза
Меджкин|Меджкин
Мосьоэн|Мосьоэн
Маджма|Маджма
Моки|Моки
Монки Миа|Монки Миа
Муила|Муила
Джексон|Джексон
Мирамар|Мирамар
Мамую|Мамую
Мурсия|Мурсия
Мангунджая|Мангунджая
Мирный|Мирный
Марианские Лазнe|Марианские Лазнe
Мекамбо|Мекамбо
Канзас Сити|Канзас Сити
Милуоки|Милуоки
Мохотлонг|Мохотлонг
Макуа|Макуа
Джексон|Джексон
Малеколон|Малеколон
Макемо|Макемо
Макоку|Макоку
Маноквари|Маноквари
Мукалла|Мукалла
Маккей|Маккей
Малакка|Малакка
Мельбурн|Мельбурн
Мале|Мале
Милфорд|Милфорд
Маланг|Маланг
Мальта|Мальта
Маршалл|Маршалл
Морелия|Морелия
Мелилья|Мелилья
Милос|Милос
Малабанг|Малабанг
Малалауа|Малалауа
Монро|Монро
Малатия|Малатия
Мело|Мело
Меманбецу|Меманбецу
Сиудад-Манте|Сиудад-Манте
Мамфе|Мамфе
Маммот Лейкс|Маммот Лейкс
Афины|Афины
Матсумото|Матсумото
Мурманск|Мурманск
Маршалл|Маршалл
Остин|Остин
Колумбия|Колумбия
Мома|Мома
Малмо|Малмо
Меймене|Меймене
Меланггуане|Меланггуане
Моанда|Моанда
Накала|Накала
Остров Мана|Остров Мана
Миннерия|Миннерия
Манандзари|Манандзари
Миайана|Миайана
Маноно|Маноно
Марон|Марон
Монгу|Монгу
Манса|Манса
Маунтейн-Веллей|Маунтейн-Веллей
Моно|Моно
Манассас|Манассас
Моа|Моа
Алабама|Алабама
Момейк|Момейк
Маумере|Маумере
Моханбари|Моханбари
Молде|Молде
Мауджерия|Мауджерия
Маунт Кук|Маунт Кук
Мумба|Мумба
Маунт-Плезант|Маунт-Плезант
Морондава|Морондава
Монтеррей|Монтеррей
Мпача|Мпача
Майами|Майами
Мирпур-Хас|Мирпур-Хас
Мапода|Мапода
Макини|Макини
Мамитупо|Мамитупо
Мокпо|Мокпо
Монпейе|Монпейе
Мапуту|Мапуту
Маунт-Плезант|Маунт-Плезант
Маан|Маан
Маунт-Плезант|Маунт-Плезант
Малиана|Малиана
Мапуа|Мапуа
Мариуполь|Мариуполь
Миянмин|Миянмин
Марипасула|Марипасула
Микелон|Микелон
Макинчао|Макинчао
Магнитогорск|Магнитогорск
Минаку|Минаку
Куинси|Куинси
Балыкесир|Балыкесир
Мильдура|Мильдура
Мардин|Мардин
Нельспрут|Нельспрут
Мунду|Мунду
Москера|Москера
Мистик-Айленд|Мистик-Айленд
Марикита|Марикита
Макале|Макале
Маргарет Ривер|Маргарет Ривер
Мисурата|Мисурата
Колумбия|Колумбия
Мериба|Мериба
Мара-Лоджес|Мара-Лоджес
Мей-Ривер|Мей-Ривер
Анкораж|Анкораж
Маркала|Маркала
Марко Айленд|Марко Айленд
Майнерз-Лейк|Майнерз-Лейк
Манаре|Манаре
Мастертон|Мастертон
Мариндюк|Мариндюк
Марсель|Марсель
Минеральные Воды|Минеральные Воды
Монтерей|Монтерей
Мори|Мори
Меса|Меса
Матсайле|Матсайле
Масирах|Масирах
Масалембо|Масалембо
Мисава|Мисава
Мастик-Пойнт|Мастик-Пойнт
Шеффилд|Шеффилд
Маси-Манимба|Маси-Манимба
Миннеаполис|Миннеаполис
Минск|Минск
Муш|Муш
Маастрихт|Маастрихт
Массава|Массава
Матамата|Матамата
Монте-Либано|Монте-Либано
Мизан-Тефери|Мизан-Тефери
Марафон|Марафон
Мостейрос|Мостейрос
Мейтленд|Мейтленд
Балтимор|Балтимор
Митчелл|Митчелл
Монтериа|Монтериа
Минатитлан|Минатитлан
Монтепуэс|Монтепуэс
Мота-Лава|Мота-Лава
Монтеррей|Монтеррей
Масада|Масада
Мон|Мон
Мюнхен|Мюнхен
Мутинг|Мутинг
Мулеж|Мулеж
Муи|Муи
Мумиас|Мумиас
Матурин|Матурин
Филадельфия|Филадельфия
Маскара|Маскара
Мултан|Мултан
Муйондзи|Муйондзи
Мусома|Мусома
Миватн|Миватн
Монтевидео|Монтевидео
Меван|Меван
Манетай|Манетай
Мандевилль|Мандевилль
Стоув|Стоув
Монго|Монго
Миту|Миту
Могилев|Могилев
Матайва|Матайва
Межев|Межев
Минвул|Минвул
Масвинго|Масвинго
Милуоки|Милуоки
Мьанвали|Мьанвали
Мерове|Мерове
Мево|Мево
Маравака|Маравака
Мозес Лейк|Мозес Лейк
Марамуни|Марамуни
Маттьюс-Ридж|Маттьюс-Ридж
Матак|Матак
Мвадуй|Мвадуй
Маунтин|Маунтин
Магуэ|Магуэ
Муссау|Муссау
Мванза|Мванза
Масамба|Масамба
Марлборо|Марлборо
Мати|Мати
Минна|Минна
Миндик|Миндик
Моромбе|Моромбе
Милан|Милан
Митчелл-Ривер|Митчелл-Ривер
Миргород|Миргород
Майнтирано|Майнтирано
Мора|Мора
Мейсян|Мейсян
Маюмба|Маюмба
Маракай|Маракай
Малинди|Малинди
Мияке-Жима|Мияке-Жима
Сан Диего|Сан Диего
Мацуяма|Мацуяма
Манки-Маунтин|Манки-Маунтин
Мариб|Мариб
Майруда|Майруда
Майсор|Майсор
Миртл Бич|Миртл Бич
Мояль|Мояль
Мьиткьина|Мьиткьина
Мтвара|Мтвара
Меньямья|Меньямья
Мири|Мири
Музаффарнагар|Музаффарнагар
Мицик|Мицик
Мендес|Мендес
Манати|Манати
Макунг|Макунг
Мерзифон|Мерзифон
Маракеи|Маракеи
Манисалес|Манисалес
Мец|Мец
Миндж|Миндж
Манзанилло|Манзанилло
Мотуэка|Мотуэка
Мкуз|Мкуз
Мостин|Мостин
Мазатлан|Мазатлан
Музаффарпур|Музаффарпур
Мена|Мена
Залив Моссел|Залив Моссел
Олбани|Олбани
Маканал|Маканал
Натитингу|Натитингу
Банаина|Банаина
Нагпур|Нагпур
Аннаи|Аннаи
Нахичевань|Нахичевань
Натхон Ратчасима|Натхон Ратчасима
Нальчик|Нальчик
Намлеа|Намлеа
Фиджи-Нади|Фиджи-Нади
Наньчон|Наньчон
Наре|Наре
Наталь|Наталь
Невсехир|Невсехир
Наративат|Наративат
Пекин|Пекин
Барранкоминас|Барранкоминас
Набережные Челны|Набережные Челны
Новый Орлеан|Новый Орлеан
Намбука Хэдс|Намбука Хэдс
Сан-Блас|Сан-Блас
Найроби|Найроби
Нью-Йорк|Нью-Йорк
Гуантанамо|Гуантанамо
Набире|Набире
Норт-Кайкос|Норт-Кайкос
Начингвеа|Начингвеа
Некокли|Некокли
Ньюкасл|Ньюкасл
Сан Карлос|Сан Карлос
Ньюкасл|Ньюкасл
Никоя|Никоя
Нукус|Нукус
Аннеси|Аннеси
Банданаира|Банданаира
Нуакдибу|Нуакдибу
Нандед|Нандед
Сумбе|Сумбе
Мандера|Мандера
Цицихар|Цицихар
Намиди|Намиди
Нделе|Нделе
Менди|Менди
Надор|Надор
Рунду|Рунду
Некочеа|Некочеа
Нефтекамск|Нефтекамск
Негрил|Негрил
Нерюнгри|Нерюнгри
Нью-Йорк|Нью-Йорк
Новый Орлеан|Новый Орлеан
Нефтеюганск|Нефтеюганск
Нинбо|Нинбо
Анегада|Анегада
Агана|Агана
Наргана|Наргана
Корпус Кристи|Корпус Кристи
Нагасаки|Нагасаки
Корпус Кристи|Корпус Кристи
Мананг|Мананг
Нха Транг|Нха Транг
Нью-Халфа|Нью-Халфа
Нушки|Нушки
Нимба|Нимба
Никозия|Никозия
Никунау|Никунау
Ниоколо-Коба|Ниоколо-Коба
Ниамей|Ниамей
Ниоки|Ниоки
Ниорт|Ниорт
Ниоро|Ниоро
Ацуги|Ацуги
Нижневартовск|Нижневартовск
Нкан|Нкан
Нуакшот|Нуакшот
Нколо|Нколо
Нагойя|Нагойя
Нанкина|Нанкина
Нкаус|Нкаус
Сан Диего|Сан Диего
Нкайи|Нкайи
Норфолк Айленд|Норфолк Айленд
Нельспрут|Нельспрут
Николаев|Николаев
Наманган|Наманган
Даман|Даман
Сан-Мигель|Сан-Мигель
Намсанг|Намсанг
Намту|Намту
Наму|Наму
Кенитра|Кенитра
Санта-Ана|Санта-Ана
Нангаде|Нангаде
Наньнин|Наньнин
Намутони|Намутони
Нарьян-Мар|Нарьян-Мар
Нан|Нан
Нунукан|Нунукан
Наньян|Наньян
Носара-Бич|Носара-Бич
Нок|Нок
Норден|Норден
Норддайх|Норддайх
Ногалес|Ногалес
Чикаго|Чикаго
Новороссийск|Новороссийск
Ноябрьск|Ноябрьск
Нова-Шавантина|Нова-Шавантина
Номад-Ривер|Номад-Ривер
Наоро|Наоро
Нордфьордур|Нордфьордур
Новокузнецк|Новокузнецк
Напье-Хастингс|Напье-Хастингс
Нипа|Нипа
Нью-Плимут|Нью-Плимут
Нангапинох|Нангапинох
Неукен|Неукен
Нуки|Нуки
Ки Уэст|Ки Уэст
Нордерней|Нордерней
Ноггкопинг|Ноггкопинг
Нара|Нара
Дюссельдорф|Дюссельдорф
Токио|Токио
Гуам|Гуам
Нуса|Нуса
Яунде|Яунде
Нельсон|Нельсон
Сангли-Пойнт|Сангли-Пойнт
Након-Си-Таммарат|Након-Си-Таммарат
Токат|Токат
Натадола|Натадола
Нутодден|Нутодден
Санта-Каролина|Санта-Каролина
Нант|Нант
Наньтун|Наньтун
Бинтуни|Бинтуни
Ньюкасл|Ньюкасл
Санто-Антао|Санто-Антао
Тухтла-Гутьеррес|Тухтла-Гутьеррес
Ниуатопутапу|Ниуатопутапу
Натуна-Ранай|Натуна-Ранай
Сан Сити|Сан Сити
Эн-Нахуд|Эн-Нахуд
Нугуриа|Нугуриа
Нунчиа|Нунчиа
Норсуп|Норсуп
Нутуве|Нутуве
Накуру|Накуру
Новый Уренгой|Новый Уренгой
Нейва|Нейва
Нуэва-Гуинея|Нуэва-Гуинея
Навой|Навой
Нарвик|Нарвик
Новгород|Новгород
Неверс|Неверс
Навегантес|Навегантес
Нейвели|Нейвели
Моэли|Моэли
Норвич|Норвич
Нью-Йорк|Нью-Йорк
Новата|Новата
Ньери|Ньери
Суньяни|Суньяни
Нануки|Нануки
Надым|Надым
Стокгольм|Стокгольм
Нзоя|Нзоя
Сан Диего|Сан Диего
Орандж|Орандж
Оамару|Оамару
Оланчито|Оланчито
Оксака|Оксака
Обан|Обан
Обок|Обок
Обано|Обано
Обидос|Обидос
Моропе|Моропе
Обан|Обан
Обихиро|Обихиро
Обенас|Обенас
Обо|Обо
Кока|Кока
Окала|Окала
Очо Риос|Очо Риос
Оушнсайд|Оушнсайд
Окана|Окана
Уадда|Уадда
Кордова|Кордова
Оденсе|Оденсе
Уанда-Джалле|Уанда-Джалле
Одесса|Одесса
Удомхей|Удомхей
Винсенн|Винсенн
Окусси|Окусси
Орел|Орел
Паломеу|Паломеу
Орнсколдсвик|Орнсколдсвик
Олаффьордур|Олаффьордур
Огден|Огден
Огерананг|Огерананг
Огле|Огле
Йонагуни-Жима|Йонагуни-Жима
Бонгор|Бонгор
Уаргла|Уаргла
Владикавказ|Владикавказ
Охрид|Охрид
Ошакати|Ошакати
Охотск|Охотск
Обан|Обан
Кохат|Кохат
Норвич|Норвич
Окусири|Окусири
Оита|Оита
Канзас Сити|Канзас Сити
Окинава|Окинава
Орхид-Бич|Орхид-Бич
Оклахома Сити|Оклахома Сити
Саппоро|Саппоро
Окино-Эрабу|Окино-Эрабу
Окаукуйэхо|Окаукуйэхо
Окойо|Окойо
Оки-Айленд|Оки-Айленд
Окаяма|Окаяма
Оксибил|Оксибил
Оконджа|Оконджа
Токио|Токио
Оксапмин|Оксапмин
Окаба|Окаба
Октябрьский|Октябрьский
Орланд|Орланд
Олафсвик|Олафсвик
Олпой|Олпой
Олимпия|Олимпия
Оломоуц|Оломоуц
Олсобип|Олсобип
Ногалес|Ногалес
Омаха|Омаха
Омбуэ|Омбуэ
Ормок|Ормок
Ораньемунд|Ораньемунд
Омега|Омега
Урмиех|Урмиех
Омура|Омура
Омкалай|Омкалай
Мармул|Мармул
Османабад|Османабад
Мостар|Мостар
Орадя|Орадя
Омск|Омск
Ононге|Ононге
Ондангва|Ондангва
Моанамани|Моанамани
Зонгулдаг|Зонгулдаг
Оно-И-Лау|Оно-И-Лау
Колон|Колон
Коома|Коома
Онотоа|Онотоа
Копаскер|Копаскер
Опен-Бей|Опен-Бей
Майами|Майами
Порто|Порто
Синоп|Синоп
Балимо|Балимо
Опува|Опува
Оран|Оран
Оребро|Оребро
Ороке|Ороке
Орлеан|Орлеан
Ориндук|Ориндук
Корк|Корк
Орландо|Орландо
Оран|Оран
Йоро|Йоро
Орапа|Орапа
Оруро|Оруро
Ормара|Ормара
Париж|Париж
Ориндж-Уолк|Ориндж-Уолк
Остерсанд|Остерсанд
Омора|Омора
Осиек|Осиек
Оскархамн|Оскархамн
Осло|Осло
Мосул|Мосул
Слупск|Слупск
Острава|Острава
Ош|Ош
Орск|Орск
Намсус|Намсус
Кошалин|Кошалин
Бол|Бол
Контадора|Контадора
Отьиваронго|Отьиваронго
Бутилимит|Бутилимит
Бухарест|Бухарест
Кото-47|Кото-47
Оту|Оту
Ориа|Ориа
Уагадугу|Уагадугу
Уджда|Уджда
Уэссо|Уэссо
Уахигоуя|Уахигоуя
Оудсхорн|Оудсхорн
Оулу|Оулу
Батури|Батури
Буссо|Буссо
Зурате|Зурате
Бекили|Бекили
Новосибирск|Новосибирск
Овайе|Овайе
Овендо|Овендо
Оксфорд|Оксфорд
Вентура|Вентура
Гоя|Гоя
Оем|Оем
Мойо|Мойо
Мояль|Мояль
Трес-Арройос|Трес-Арройос
Озамис-Сити|Озамис-Сити
Запорожье|Запорожье
Уазазат|Уазазат
Биласпур|Биласпур
Панама Сити|Панама Сити
Эверетт|Эверетт
Пакуба|Пакуба
Пагадиан|Пагадиан
Пайлинь|Пайлинь
Пара-Чинар|Пара-Чинар
Паланкеро|Паланкеро
Панама Сити|Панама Сити
Паттани|Паттани
Пало Альто|Пало Альто
Парос|Парос
Патна|Патна
Паук|Паук
Памбва|Памбва
Поса-Рика|Поса-Рика
Порбандар|Порбандар
Пуэрто-Беррио|Пуэрто-Беррио
Паро|Паро
Уест Палм Бич|Уест Палм Бич
Паама|Паама
Порту-Амбоим|Порту-Амбоим
Пуэрто Барриос|Пуэрто Барриос
Патонг-Бич|Патонг-Бич
Путао|Путао
Палибело|Палибело
Плеттенберг-Бей|Плеттенберг-Бей
Джакарта|Джакарта
Пуэрто Рико|Пуэрто Рико
Пасо-Кабаллос|Пасо-Кабаллос
Палачос|Палачос
Пукальпа|Пукальпа
Пиктон|Пиктон
Пунта-Колораде|Пунта-Колораде
Пуэрто-Каррено|Пуэрто-Каррено
Пунта-Шивато|Пунта-Шивато
Пуэрто-Инирида|Пуэрто-Инирида
Муэо|Муэо
Прадо|Прадо
Паданг|Паданг
Пиндиу|Пиндиу
Пендопо|Пендопо
Президенти-Дутра|Президенти-Дутра
Пьедрас-Неграс|Пьедрас-Неграс
Пайсанду|Пайсанду
Пловдив|Пловдив
Педерналес|Педерналес
Пебане|Пебане
Пардубицы|Пардубицы
Пермь|Пермь
Перужия|Перужия
Пекин|Пекин
Пеланенг|Пеланенг
Пуэрто Мальдонадо|Пуэрто Мальдонадо
Пенанг|Пенанг
Перт|Перт
Петрозаводск|Петрозаводск
Пешавар|Пешавар
Печора|Печора
Пенза|Пенза
Патрексфьордур|Патрексфьордур
Панама Сити|Панама Сити
Пафос|Пафос
Илебо|Илебо
Паг|Паг
Пангоа|Пангоа
Петерсбург|Петерсбург
Пунта-Горда|Пунта-Горда
Егепа|Егепа
Перпиньян|Перпиньян
Сао Паоло|Сао Паоло
Пантнагар|Пантнагар
Пангкалпинанг|Пангкалпинанг
Пангиа|Пангиа
Пагоса Спрингз|Пагоса Спрингз
Порто Алегре|Порто Алегре
Периге|Периге
Пхань-Ранг|Пхань-Ранг
Пхань-Тхиет|Пхань-Тхиет
Филадельфия|Филадельфия
Беблинген|Беблинген
Пхитсанусок|Пхитсанусок
Париж|Париж
Пху-Винх|Пху-Винх
Фалаборва|Фалаборва
Феникс|Феникс
Пхетчабун|Пхетчабун
Остров Пхи Пхи|Остров Пхи Пхи
Пайн-Кей|Пайн-Кей
Клируотер|Клируотер
Питинга|Питинга
Пилар|Пилар
Писко|Писко
Пипиллипаи|Пипиллипаи
Пуатье|Пуатье
Пиуро|Пиуро
Педро-Хуан-Кабальеро|Педро-Хуан-Кабальеро
Панджгур|Панджгур
Пуэрто-Хименес|Пуэрто-Хименес
Пуэрто-Хуарес|Пуэрто-Хуарес
Паркерсбург|Паркерсбург
Петропавловск-Камчатский|Петропавловск-Камчатский
Паркес|Паркес
Плайа Гранде|Плайа Гранде
Пакокку|Пакокку
Пакатоа-Айленд|Пакатоа-Айленд
Порт-Каитума|Порт-Каитума
Пангкаланбуун|Пангкаланбуун
Параку|Параку
Покхара|Покхара
Паксан|Паксан
Пеканбару|Пеканбару
Псков|Псков
Паксе|Паксе
Планадас|Планадас
Планета-Рико|Планета-Рико
Плайя Самара|Плайя Самара
Пайела|Пайела
Пала|Пала
Ла-Планье|Ла-Планье
Пам-Айленд|Пам-Айленд
Палембанг|Палембанг
Ля Пальма|Ля Пальма
Плато|Плато
Бело Хоризонте|Бело Хоризонте
Полтава|Полтава
Семипалатинск|Семипалатинск
Порт Элизабет|Порт Элизабет
Пуэрто Монт|Пуэрто Монт
Портсмут|Портсмут
Парма|Парма
Портсмут|Портсмут
Пам-Айленд|Пам-Айленд
Пханом-Саракхам|Пханом-Саракхам
Пумани|Пумани
Палермо|Палермо
Пимага|Пимага
Перито-Морено|Перито-Морено
Палмерстон Норт|Палмерстон Норт
Пальмира|Пальмира
Палмар|Палмар
Памплона|Памплона
Пунта-Горда|Пунта-Горда
Филадельфия|Филадельфия
Пном Пен|Пном Пен
Понпеи|Понпеи
Понтианак|Понтианак
Попондетта|Попондетта
Пуне|Пуне
Пуэнт-Нуар|Пуэнт-Нуар
Пуэрто Наталес|Пуэрто Наталес
Пондичерри|Пондичерри
Порто Алегре|Порто Алегре
Подор|Подор
Порт-Гентил|Порт-Гентил
Потоси|Потоси
Порт-Морсби|Порт-Морсби
Поптун|Поптун
Пуэрто Плата|Пуэрто Плата
Пори|Пори
Порт-Антонио|Порт-Антонио
Порторос|Порторос
Париж|Париж
Познан|Познан
Пуэрто-Пенаско|Пуэрто-Пенаско
Петропавловск|Петропавловск
Пхалпу|Пхалпу
Попайан|Попайан
Пауэлл-Пойнт|Пауэлл-Пойнт
Парапарауму|Парапарауму
Пасир-Пангараян|Пасир-Пангараян
Папун|Папун
Папа-Вестрей|Папа-Вестрей
Пуэрто-Пец|Пуэрто-Пец
Пху-Квок|Пху-Квок
Паленке|Паленке
Порт Макгуайр|Порт Макгуайр
Поре|Поре
Прага|Прага
Пхраэ|Пхраэ
Праслин-Айленд|Праслин-Айленд
Капри|Капри
Портиман|Портиман
Проприано|Проприано
Парума|Парума
Параси|Параси
Проме|Проме
Пршеров|Пршеров
Париж|Париж
Претория|Претория
Пиза|Пиза
Порт-Саид|Порт-Саид
Пасни|Пасни
Посо|Посо
Дублин|Дублин
Перт|Перт
Пасто|Пасто
Палм Спрингс|Палм Спрингс
Филадельфия|Филадельфия
Пескара|Пескара
Посадас|Посадас
Престон|Престон
Пассос|Пассос
Палачос|Палачос
Петерсбург|Петерсбург
Порт Стефенс|Порт Стефенс
Малололайлай|Малололайлай
Порт Дуглас|Порт Дуглас
Портланд|Портланд
Порт Армстронг|Порт Армстронг
Палмарито|Палмарито
Питалито|Питалито
Панама Сити|Панама Сити
Пастаца|Пастаца
Пуас|Пуас
Пуэрто-Десеадо|Пуэрто-Десеадо
Пуэрто-Обалдиа|Пуэрто-Обалдиа
По|По
Порт Огаста|Порт Огаста
Пошутла|Пошутла
Пуниа|Пуниа
По|По
Пунта Аренас|Пунта Аренас
Пуэрто Рико|Пуэрто Рико
Путтапартхи|Путтапартхи
Пуэрто-Асис|Пуэрто-Асис
Пуэрто Варас|Пуэрто Варас
Пула|Пула
Пуэрто-Кабесас|Пуэрто-Кабесас
Провиденсиа|Провиденсиа
Провиденс|Провиденс
Эль-Порвенир|Эль-Порвенир
Шанхай|Шанхай
Превеза-Лефка|Превеза-Лефка
Плевен|Плевен
Портовьехо|Портовьехо
Пуэрто Ваярта|Пуэрто Ваярта
Бухта Провидения|Бухта Провидения
Бухта Провидения|Бухта Провидения
Оклахома Сити|Оклахома Сити
Певек|Певек
Чикаго|Чикаго
Портланд|Портланд
Питтс-Таун|Питтс-Таун
Пуэто|Пуэто
Павлодар|Павлодар
Пуэрто Эскондидо|Пуэрто Эскондидо
Порто Санто|Порто Санто
Сурин|Сурин
Плейку|Плейку
Пуэрто-Бояка|Пуэрто-Бояка
Джейпор|Джейпор
Плейкон-Чико|Плейкон-Чико
Пенрин-Айленд|Пенрин-Айленд
Пуэрто-Аякучо|Пуэрто-Аякучо
Полярный|Полярный
Пайан|Пайан
Путумайо|Путумайо
Пиргос|Пиргос
Явиза|Явиза
Паттайя|Паттайя
Питермарицбург|Питермарицбург
Зхоб|Зхоб
Пуэрто Ордас|Пуэрто Ордас
Порт-Судан|Порт-Судан
Пиестани|Пиестани
Дюссельдорф|Дюссельдорф
Мелой|Мелой
Франкфурт-на-Майне|Франкфурт-на-Майне
Лаутерах|Лаутерах
Марина Ди Масса|Марина Ди Масса
Нью-Йорк|Нью-Йорк
Сингапур|Сингапур
Лондон|Лондон
Йоханнесбург|Йоханнесбург
Керетаро|Керетаро
Сондерборг|Сондерборг
Таллинн|Таллинн
Шарлотт|Шарлотт
Канны|Канны
Раканда|Раканда
Рабаул|Рабаул
Рацине|Рацине
Арар|Арар
Рафха|Рафха
Раджкот|Раджкот
Марракеш|Марракеш
Равенна|Равенна
Рапид Сити|Рапид Сити
Раха|Раха
Рашт|Рашт
Радужный|Радужный
Рангпур|Рангпур
Краво-Норте|Краво-Норте
Арава|Арава
Орам|Орам
Ротсей|Ротсей
Равала-Кот|Равала-Кот
Рабат|Рабат
Борба|Борба
Даллас|Даллас
Розбург|Розбург
Раби|Раби
Ребун|Ребун
Ранчо|Ранчо
Роборе|Роборе
Рабараба|Рабараба
Рурренабак|Рурренабак
Марсабит|Марсабит
Рамата|Рамата
Рапид Сити|Рапид Сити
Ричардс-Бей|Ричардс-Бей
Риохача|Риохача
Редклифф|Редклифф
Ричмонд|Ричмонд
Рошфор|Рошфор
Реконкиста|Реконкиста
Рочестер|Рочестер
Рочестер|Рочестер
Рум-Кэй|Рум-Кэй
Реденкао|Реденкао
Мердей|Мердей
Ред Ривер (Красная река)|Ред Ривер (Красная река)
Ричард-Толл|Ричард-Толл
Родез|Родез
Ресифе|Ресифе
Редджио-Калабрия|Редджио-Калабрия
Рехобот Бич|Рехобот Бич
Регина|Регина
Трелью|Трелью
Оренбург|Оренбург
Рим|Рим
Сием Рип|Сием Рип
Ресистенсия|Ресистенсия
Реус|Реус
Рева|Рева
Рейес|Рейес
Рафаи|Рафаи
Рокфорд|Рокфорд
Рауфархофн|Рауфархофн
Рио-Фрио|Рио-Фрио
Рио-Гранде|Рио-Гранде
Поргера|Поргера
Балургат|Балургат
Рио-Гальегос|Рио-Гальегос
Яньгунь|Яньгунь
Ренгат|Ренгат
Рейкхолар|Рейкхолар
Рио Хондо|Рио Хондо
Реймс|Реймс
Руэнгери|Руэнгери
Рой-Хилл|Рой-Хилл
Рош Пина|Рош Пина
Родос|Родос
Рамечхап|Рамечхап
Сан-Хосе|Сан-Хосе
Риберальта|Риберальта
Рио-Гранде|Рио-Гранде
Риоха|Риоха
Каррилльо|Каррилльо
Ринги-Коув|Ринги-Коув
Рисири|Рисири
Рио-Тигре|Рио-Тигре
Рига|Рига
Рио-Альцукар|Рио-Альцукар
Раджахмандри|Раджахмандри
Раджбирадж|Раджбирадж
Раджури|Раджури
Риека|Риека
Логроно|Логроно
Ирека|Ирека
Копенгаген|Копенгаген
Рокот|Рокот
Сипора|Сипора
Рок Спрингс|Рок Спрингс
Рас-аль-Хайма|Рас-аль-Хайма
Юл-Айленд|Юл-Айленд
Рейкьявик|Рейкьявик
Арлит|Арлит
Бурайми|Бурайми
Рокфорд|Рокфорд
Рамагундам|Рамагундам
Рим|Рим
Римини|Римини
Румгиней|Румгиней
Тайчунг|Тайчунг
Рамштайн|Рамштайн
Арона|Арона
Роннеби|Роннеби
Сен Антонио|Сен Антонио
Руан|Руан
Корн-Айленд|Корн-Айленд
Робинзон-Ривер|Робинзон-Ривер
Ренн|Ренн
Ранау|Ранау
Рой Ет|Рой Ет
Рокхэмптон|Рокхэмптон
Рондон|Рондон
Рота|Рота
Росарио|Росарио
Роторуа|Роторуа
Ростов|Ростов
Рио-Майо|Рио-Майо
Ролпа|Ролпа
Ропер-Бэй|Ропер-Бэй
Рош Пина|Рош Пина
Райпур|Райпур
Ронда|Ронда
Барора|Барора
Руркела|Руркела
Марромеу|Марромеу
Неаполь|Неаполь
Ророс|Ророс
Робинзон-Ривер|Робинзон-Ривер
Санта-Роса|Санта-Роса
Сидней|Сидней
Серра-Пелада|Серра-Пелада
Рио-Сидра|Рио-Сидра
Росарио|Росарио
Рансики|Рансики
Расселл|Расселл
Росейрес|Росейрес
Рочестер|Рочестер
Форт Майерс|Форт Майерс
Роатан|Роатан
Ратнагири|Ратнагири
Рутенг|Рутенг
Роти|Роти
Роттердам|Роттердам
Рутланд-Плейнз|Рутланд-Плейнз
остров Роттнест|остров Роттнест
Саратов|Саратов
Аруа|Аруа
Руган|Руган
Халлсберг|Халлсберг
Рукумкот|Рукумкот
Рупси|Рупси
Рутленд|Рутленд
Рубелсанто|Рубелсанто
Копан|Копан
Фарафангана|Фарафангана
Риу-Верди|Риу-Верди
Саравена|Саравена
Санкт-Петербург|Санкт-Петербург
Рованиеми|Рованиеми
Рейвило|Рейвило
Грин-Ривер|Грин-Ривер
Тулса|Тулса
Ривера|Ривера
Ровно|Ровно
Рауда|Рауда
Рохас Сити|Рохас Сити
Рыбинск|Рыбинск
Рахим-Яр-Хан|Рахим-Яр-Хан
Ройан|Ройан
Рио-Турбио|Рио-Турбио
Санта-Круз-Айленд|Санта-Круз-Айленд
Жешув|Жешув
Рязань|Рязань
Рамсар|Рамсар
Сакраменто|Сакраменто
Сангир|Сангир
Санта Фе|Санта Фе
Сираджгандж|Сираджгандж
Саударкрокур|Саударкрокур
Сан-Сальвадор|Сан-Сальвадор
Саламо|Саламо
Сан Диего|Сан Диего
Спарта|Спарта
Сен Антонио|Сен Антонио
Саву|Саву
Саванна|Саванна
Стамбул|Стамбул
Самбу|Самбу
Сиенна|Сиенна
Сасстаун|Сасстаун
Санта-Барбара-Ба|Санта-Барбара-Ба
Сан Бернардино|Сан Бернардино
Сардех-Банд|Сардех-Банд
Кундара|Кундара
Санта-Ана|Санта-Ана
Сан Луис Обиспо|Сан Луис Обиспо
Сиби|Сиби
Сан Бернардино|Сан Бернардино
Спрингбок|Спрингбок
Сабах|Сабах
Сибиу|Сибиу
Санта-Каталина|Санта-Каталина
Зулако|Зулако
Феникс|Феникс
Сан-Кристобаль|Сан-Кристобаль
Сантьяго|Сантьяго
Актау|Актау
Сантьяго де Компостела|Сантьяго де Компостела
Сокотра|Сокотра
Сантьяго|Сантьяго
Сучава|Сучава
Сыктывкар|Сыктывкар
Залина-Крус|Залина-Крус
Багдад|Багдад
Сендкрик|Сендкрик
Санандадж|Санандадж
Сайдор|Сайдор
Сендай|Сендай
Сандакан|Сандакан
Сандсвалль|Сандсвалль
Сан Диего|Сан Диего
Санто-Доминго|Санто-Доминго
Сантандер|Сантандер
Садо-Сима|Садо-Сима
Саиду-Шариф|Саиду-Шариф
Сандвип|Сандвип
Седона|Седона
Себа|Себа
Сер-Шевалье|Сер-Шевалье
Сан Диего|Сан Диего
Сенггех|Сенггех
Ксар-Эс-Сук|Ксар-Эс-Сук
Сан-Эстебан|Сан-Эстебан
Серонера|Серонера
Северодонецк|Северодонецк
Сива|Сива
Селибаби|Селибаби
Остров Махе|Остров Махе
Сфакс|Сфакс
Сан Фернандо|Сан Фернандо
Спокане|Спокане
Сан-Фелипе|Сан-Фелипе
Сафи|Сафи
Санта Фе|Санта Фе
Скеллефти|Скеллефти
Сафиа|Сафиа
Санта Фе|Санта Фе
Сан-Феликс|Сан-Феликс
Сингауа|Сингауа
Сургут|Сургут
Сондерборг|Сондерборг
Зиген|Зиген
Симанганг|Симанганг
Саргодха|Саргодха
Сагарай|Сагарай
Сангапи|Сангапи
Сан-Игнасио|Сан-Игнасио
Хо Чи Мин Сити|Хо Чи Мин Сити
Сент Джордж|Сент Джордж
Санггата|Санггата
Санга-Санга|Санга-Санга
Сьерра-Гранде|Сьерра-Гранде
Сонгеа|Сонгеа
Сонгкхла|Сонгкхла
Шанхай|Шанхай
Накасибецу|Накасибецу
Индаселасси|Индаселасси
Шеньян|Шеньян
Шаньягван|Шаньягван
Симожисима|Симожисима
Шарджа|Шарджа
Сехонгхонг|Сехонгхонг
Шиллонг|Шиллонг
Ширахама|Ширахама
Сокчо|Сокчо
Циньхуандао|Циньхуандао
Шаши|Шаши
Шеппартон|Шеппартон
Шревспорт|Шревспорт
Шарура|Шарура
Шиньянга|Шиньянга
Сешутес|Сешутес
Сибити|Сибити
Синоп|Синоп
Синес|Синес
Симара|Симара
Сан Хуан|Сан Хуан
Силгади-Доти|Силгади-Доти
Сиди-Ифни|Сиди-Ифни
Сиглуфьордур|Сиглуфьордур
Сила|Сила
Симбай|Симбай
Сингапур|Сингапур
Симферополь|Симферополь
Сион|Сион
Сишен|Сишен
Сиуна|Сиуна
Сибиса|Сибиса
Сиссано|Сиссано
Сан Хуан|Сан Хуан
Сан-Хоакин|Сан-Хоакин
Сан-Хосе|Сан-Хосе
Сан-Педро-Жапуа|Сан-Педро-Жапуа
Сан-Хосе|Сан-Хосе
Сараево|Сараево
Сан-Габриэл|Сан-Габриэл
Сан Хуан|Сан Хуан
Сент Джонс|Сент Джонс
Сан Хосе Ду Рио Прето|Сан Хосе Ду Рио Прето
Сешеке|Сешеке
Сан-Хосе|Сан-Хосе
Сан Хуан|Сан Хуан
Сан-Хавьер|Сан-Хавьер
Шицзяжун|Шицзяжун
Сартанеджа|Сартанеджа
Сейнайоки|Сейнайоки
Спокане|Спокане
Суки|Суки
Самарканд|Самарканд
Скиен|Скиен
Сен Антонио|Сен Антонио
Салоники|Салоники
Скикда|Скикда
Скелдон|Скелдон
Сокото|Сокото
Скопье|Скопье
Секакес|Секакес
Шакисо|Шакисо
Сиалкот|Сиалкот
Скирос|Скирос
Санта-Катарина|Санта-Катарина
Саранск|Саранск
Сандуски|Сандуски
Суккур|Суккур
Сальта|Сальта
Сторм Лейк|Сторм Лейк
Шлияк|Шлияк
Сулаель|Сулаель
Сола|Сола
Солвези|Солвези
Чандлер|Чандлер
Салала|Салала
Саламанка|Саламанка
Сан-Луис-Потоси|Сан-Луис-Потоси
Силистра|Силистра
Симла|Симла
Сальтильо|Сальтильо
Салехард|Салехард
Санта-Мария|Санта-Мария
Сьерро-Сомбреро|Сьерро-Сомбреро
Санта-Мария|Санта-Мария
Санта-Мария|Санта-Мария
Сапманга|Сапманга
Сим|Сим
Санта Моника|Санта Моника
Стокгольм|Стокгольм
Санта Марта|Санта Марта
Сан-Мун-Лейк|Сан-Мун-Лейк
Сент Мориц|Сент Мориц
Смара|Смара
Санта-Мария|Санта-Мария
Сименти|Сименти
Сено|Сено
Сан-Фелипе|Сан-Фелипе
Синоу|Синоу
Сан-Хулиан|Сан-Хулиан
Шеннон|Шеннон
Сакан Накхон|Сакан Накхон
Сан-Кинтин|Сан-Кинтин
Санта-Клара|Санта-Клара
Санта-Элена|Санта-Элена
Санта-Круз-Айленд|Санта-Круз-Айленд
Сок-Транг|Сок-Транг
Соло Сити|Соло Сити
Сорокаба|Сорокаба
Суанке|Суанке
София|София
Сондал|Сондал
Солита|Солита
Остров Саут Молл|Остров Саут Молл
Соркьосен|Соркьосен
Семонгконг|Семонгконг
Сан-Томе|Сан-Томе
Содерхамн|Содерхамн
Эль-Таура|Эль-Таура
Соданкюля|Соданкюля
Согамосо|Согамосо
Стронсей|Стронсей
Сепулот|Сепулот
Сопу|Сопу
Афины|Афины
Менонге|Менонге
Сан-Педро|Сан-Педро
Сан-Педро|Сан-Педро
Сипитанг|Сипитанг
Сплит|Сплит
Хьюстон|Хьюстон
Сан-Педро|Сан-Педро
Санта-Ана|Санта-Ана
Синоп|Синоп
Солано|Солано
Шехди|Шехди
Сан Карлос|Сан Карлос
Санана|Санана
Сторуман|Сторуман
Сороако|Сороако
Сан-Игнасио|Сан-Игнасио
Субик-Бей|Субик-Бей
Санта-Роса|Санта-Роса
Санта-Роса|Санта-Роса
Сан-Рамон|Сан-Рамон
Сукре|Сукре
Сан-Рафаэль|Сан-Рафаэль
Семаранг|Семаранг
Сарх|Сарх
Самаринда|Самаринда
Сан-Борха|Сан-Борха
Сьерра-Леоне|Сьерра-Леоне
Санта-Росалия|Санта-Росалия
Страхан|Страхан
Сантана-Рамос|Сантана-Рамос
Сторд|Сторд
Сан-Маркос|Сан-Маркос
Сороти|Сороти
Санта-Круз-Айленд|Санта-Круз-Айленд
Серт|Серт
Сари|Сари
Санта-Круз-Айленд|Санта-Круз-Айленд
Сан-Фелипе|Сан-Фелипе
Шолапур|Шолапур
Сен Антонио|Сен Антонио
Малабо|Малабо
Шарм Эль Шейх|Шарм Эль Шейх
Санднессьоен|Санднессьоен
Санта-Росалия|Санта-Росалия
Сан-Лоуренсу|Сан-Лоуренсу
Сара|Сара
Сиасси|Сиасси
Санта-Тересита|Санта-Тересита
Санто-Доминго|Санто-Доминго
Сантьяго|Сантьяго
Сент Луис|Сент Луис
Сантарем|Сантарем
Лондон|Лондон
Сен Поль|Сен Поль
Штуттгард|Штуттгард
Санта-Роса|Санта-Роса
Санта-Круз-Айленд|Санта-Круз-Айленд
Сурат|Сурат
Ставрополь|Ставрополь
Санта-Терезинья|Санта-Терезинья
Сурабайя|Сурабайя
Суригао|Суригао
Сур|Сур
Сухуми|Сухуми
Сату Маре|Сату Маре
Суи|Суи
Сан-Ривер, шт. Орегон|Сан-Ривер, шт. Орегон
Суменеп|Суменеп
Сукуа|Сукуа
Саммер-Бивер|Саммер-Бивер
Сент Луис|Сент Луис
Сумбаванга|Сумбаванга
Сува|Сува
Сиокс Сити|Сиокс Сити
Судурейри|Судурейри
Суриа|Суриа
Самбава|Самбава
Саве|Саве
Ставангер|Ставангер
Сволваер|Сволваер
Силвер-Крик|Силвер-Крик
Савонлинна|Савонлинна
Москва|Москва
Куито|Куито
Свей-Рьенг|Свей-Рьенг
Савусаву|Савусаву
Екатеринбург|Екатеринбург
Саво|Саво
Сен Антонио|Сен Антонио
Шаньтоу|Шаньтоу
Сивеа|Сивеа
Суон Хилл|Суон Хилл
Свиндон|Свиндон
Сауз-Вест-Бей|Сауз-Вест-Бей
Милан|Милан
Спаниш-Уэллс|Спаниш-Уэллс
Сахивал|Сахивал
Свакопмунд|Свакопмунд
Суони|Суони
Стрежевой|Стрежевой
Суон|Суон
Ситиаван|Ситиаван
Сидней|Сидней
Сиалум|Сиалум
Страсбург|Страсбург
София Антиполис|София Антиполис
Сейл|Сейл
Берлин|Берлин
Сенанга|Сенанга
Сехулеа|Сехулеа
Сирри-Айленд|Сирри-Айленд
Шаньшань|Шаньшань
Саумлаки|Саумлаки
Слайго|Слайго
Сринагар|Сринагар
Сахабат-16|Сахабат-16
Таман Негара|Таман Негара
Содду|Содду
Сиирт|Сиирт
Сидней|Сидней
Сада|Сада
Стиккишолмур|Стиккишолмур
Сан-Мигель|Сан-Мигель
Симан|Симан
Сонай|Сонай
Сантьяго|Сантьяго
Сиракус|Сиракус
Санья|Санья
Шираз|Шираз
Сойо|Сойо
Куала-Лумпур|Куала-Лумпур
Санта-Круз-Айленд|Санта-Круз-Айленд
Шеффилд|Шеффилд
Самсун|Самсун
Зальцбург|Зальцбург
Сенипах|Сенипах
Зайсан|Зайсан
Скукуза|Скукуза
Варренсбург|Варренсбург
Сезрим|Сезрим
Санта-Барбара-Ба|Санта-Барбара-Ба
Саенц-Пена|Саенц-Пена
Стара-Загора|Стара-Загора
Стюарт-Айленд|Стюарт-Айленд
Сегу|Сегу
Сучжоу|Сучжоу
Шверин|Шверин
Шэньчжэнь|Шэньчжэнь
Щецин|Щецин
Тарапайна|Тарапайна
Тринидад|Тринидад
Даегу|Даегу
Оран|Оран
Тагбиларан|Тагбиларан
Айтейп|Айтейп
Такаматсу|Такаматсу
Танана|Танана
Тампико|Тампико
Тангалума|Тангалума
Куаньдян|Куаньдян
Тапашула|Тапашула
Таркула|Таркула
Таранто|Таранто
Ташкент|Ташкент
Попрад|Попрад
Таурамена|Таурамена
Такуарембо|Такуарембо
Талиабу|Талиабу
Тарту|Тарту
Табибуга|Табибуга
Туй-Хоа|Туй-Хоа
Тимбуки|Тимбуки
Тимбунке|Тимбунке
Табитуа-Норт|Табитуа-Норт
Табубил|Табубил
Таблас|Таблас
Зе-Байт|Зе-Байт
Табарка|Табарка
Тимбер-Крик|Тимбер-Крик
Тейблленд|Тейблленд
Тумбанг-Самба|Тумбанг-Самба
Табора|Табора
Тумбес|Тумбес
Тарабо|Тарабо
Тбилиси|Тбилиси
Тамбов|Тамбов
Табриз|Табриз
Теннант Крик|Теннант Крик
Тукумкари|Тукумкари
Тарапака|Тарапака
Тулча|Тулча
Токоа|Токоа
Чибанга|Чибанга
Теуакан|Теуакан
Тумако|Тумако
Таба|Таба
Тете|Тете
Тринидад|Тринидад
Тринидад|Тринидад
Тандаг|Тандаг
Таджура|Таджура
Талды-Курган|Талды-Курган
Тандиль|Тандиль
Толедо|Толедо
Теодоре|Теодоре
Танда Тула|Танда Тула
Танандава|Танандава
Амарильо|Амарильо
Трат|Трат
Толедо|Толедо
Тела|Тела
Тистед|Тистед
Тбесса|Тбесса
Тенкодого|Тенкодого
Тезу|Тезу
Телупид|Телупид
Терапо|Терапо
Тептеп|Тептеп
Текиргад|Текиргад
Тессеней|Тессеней
Тете|Тете
Те Анау|Те Анау
Тингейри|Тингейри
Тезпур|Тезпур
Таормина|Таормина
Тефе|Тефе
Туфи|Туфи
Телефомин|Телефомин
Тенерифе|Тенерифе
Рамадан|Рамадан
Тенерифе|Тенерифе
Тафтан|Тафтан
Тарфая|Тарфая
Тинье|Тинье
Куала-Теренгану|Куала-Теренгану
Тонгоа|Тонгоа
Тинго-Мария|Тинго-Мария
Тига|Тига
Тагула|Тагула
Тиргу Мурес|Тиргу Мурес
Тонглян|Тонглян
Тангара де Серра|Тангара де Серра
Танга|Танга
Тегусигальпа|Тегусигальпа
Тарговиште|Тарговиште
Тухтла-Гутьеррес|Тухтла-Гутьеррес
Тчиен|Тчиен
Терезина|Терезина
Берлин|Берлин
Тахароа|Тахароа
Тишитт|Тишитт
Тхакхек|Тхакхек
Тачилек|Тачилек
Тролльхеттан|Тролльхеттан
Торсхофн|Торсхофн
Термополис|Термополис
Техран|Техран
Тамшакет|Тамшакет
Тахуа|Тахуа
Тибу|Тибу
Тиарет|Тиарет
Типпи|Типпи
Таиф|Таиф
Тингвон|Тингвон
Тикехау-Атолл|Тикехау-Атолл
Таринкот|Таринкот
Тихуана|Тихуана
Оклахома Сити|Оклахома Сити
Тиндуф|Тиндуф
Тилин|Тилин
Триполи|Триполи
Тирупати|Тирупати
Тимару|Тимару
Тиват|Тиват
Такома|Такома
Тиджикья|Тиджикья
Тари|Тари
Трухилло|Трухилло
Токат|Токат
Тюмень|Тюмень
Тханджавур|Тханджавур
Текаду|Текаду
Тико|Тико
Такоради|Такоради
Бандар-Лампунг|Бандар-Лампунг
Такхли|Такхли
Тикал|Тикал
Тлокоэнг|Тлокоэнг
Такапото|Такапото
Кигома|Кигома
Такургаон|Такургаон
Токушима|Токушима
Так|Так
Турку|Турку
Татакото|Татакото
Текин|Текин
Такароа|Такароа
Тарбела|Тарбела
Тулеар|Тулеар
Таллахасси|Таллахасси
Толитоли|Толитоли
Таталина|Таталина
Талкнафьордур|Талкнафьордур
Таллинн|Таллинн
Хиерес|Хиерес
Тол|Тол
Тумболбил|Тумболбил
Тулуз|Тулуз
Толу|Толу
Таласеа|Таласеа
Талька|Талька
Майами|Майами
Тамболака|Тамболака
Тимбедра|Тимбедра
Таме|Таме
Томангонг|Томангонг
Танахмерах|Танахмерах
Термез|Термез
Тамки|Тамки
Тамале|Тамале
Таматаве|Таматаве
Тумеремо|Тумеремо
Тампере|Тампере
Тамбао|Тамбао
Таманрассет|Таманрассет
Тамбор|Тамбор
Тамворт|Тамворт
Тимимун|Тимимун
Цзинань|Цзинань
Танах-Гродот|Танах-Гродот
Тринидад|Тринидад
Танегасима|Танегасима
Танжер|Танжер
Тонхва|Тонхва
Сатна|Сатна
Тернополь|Тернополь
Тайнань|Тайнань
Тамариндо|Тамариндо
Майами|Майами
Ньютон|Ньютон
Торранс|Торранс
Тобрук|Тобрук
Тиоман|Тиоман
Тозер|Тозер
Томск|Томск
Торрес|Торрес
Мадрид|Мадрид
Торокина|Торокина
Томбукту|Томбукту
Тону|Тону
Токопийа|Токопийа
Тромсо|Тромсо
Тотнесс|Тотнесс
Туо|Туо
Толедо|Толедо
Тобольск|Тобольск
Тояма|Тояма
Тампа|Тампа
Тарапоа|Тарапоа
Тайпинг|Тайпинг
Тонопа|Тонопа
Тапини|Тапини
Тапледжунг|Тапледжунг
Тапактуан|Тапактуан
Типутини|Типутини
Тарапото|Тарапото
Тепик|Тепик
Тапини|Тапини
Тапета|Тапета
Тикапур|Тикапур
Талукан|Талукан
Трес-Эскинас|Трес-Эскинас
Тарамажима|Тарамажима
Турбо|Турбо
Торреон|Торреон
Трондхайм|Трондхайм
Тауранга|Тауранга
Таракбиц|Таракбиц
Турин|Турин
Тари|Тари
Тринкомали|Тринкомали
Триест|Триест
Трухилло|Трухилло
Тривандрум|Тривандрум
Тарава|Тарава
Тороро|Тороро
Тиручирапалли|Тиручирапалли
Тсумеб|Тсумеб
Таиша|Таиша
Тшиписе|Тшиписе
Астана|Астана
Тревисо|Тревисо
Танакросс|Танакросс
Тшикапа|Тшикапа
Цили-Цили|Цили-Цили
Цусима|Цусима
Таскул|Таскул
Тамуин|Тамуин
Таос|Таос
Тяньцзинь|Тяньцзинь
Торрес|Торрес
Тимисоара|Тимисоара
Нью-Йорк|Нью-Йорк
Транг|Транг
Табитуа-Сауз|Табитуа-Сауз
Таунсвилл|Таунсвилл
Цеви|Цеви
Тасикмалая|Тасикмалая
Тан Тан|Тан Тан
Талтал|Талтал
Тернате|Тернате
Тартагал|Тартагал
Тумрайт|Тумрайт
Тоттори|Тоттори
Тертл-Айленд|Тертл-Айленд
Тортукеро|Тортукеро
Тана Торайа|Тана Торайа
Тсаратанана|Тсаратанана
Тайтунг|Тайтунг
Тукуман|Тукуман
Тамбакунда|Тамбакунда
Тупиле|Тупиле
Турс|Турс
Тугуэгарао|Тугуэгарао
Тураиф|Тураиф
Тум|Тум
Турбат|Турбат
Тулса|Тулса
Тунис|Тунис
Таупо|Таупо
Тупело|Тупело
Туган|Туган
Таута|Таута
Табук|Табук
Тукупита|Тукупита
Тубала|Тубала
Тулум|Тулум
Тукума|Тукума
Морафенобе|Морафенобе
город Траверсе|город Траверсе
Южное Озеро Тахо|Южное Озеро Тахо
Тавеуни|Тавеуни
Тейлор|Тейлор
Маунт Кук|Маунт Кук
Тайчунг|Тайчунг
Берлин|Берлин
Теминабуан|Теминабуан
Тунси|Тунси
Танбар|Танбар
Тула|Тула
Тында|Тында
Станиэл-Кэй|Станиэл-Кэй
Тайвань|Тайвань
Ноксвилл|Ноксвилл
Тейлор|Тейлор
Тузла|Тузла
Тисимин|Тисимин
Трабзон|Трабзон
Адана|Адана
Сан-Луис-Рио-Колорадо|Сан-Луис-Рио-Колорадо
Маунт-Эу|Маунт-Эу
Суаи|Суаи
Луау|Луау
Сан Хуан|Сан Хуан
Самбуру|Самбуру
Уахактун|Уахактун
Юбераба|Юбераба
Буин|Буин
Убе|Убе
Убон-Ратчатхани|Убон-Ратчатхани
Убатуба|Убатуба
Луцк|Луцк
Бучанан|Бучанан
Ухта|Ухта
Ундарра|Ундарра
Палм Спрингс|Палм Спрингс
Ужгород|Ужгород
Удомхей|Удомхей
Удайпур|Удайпур
Куинстаун|Куинстаун
Келимане|Келимане
Ваукеша|Ваукеша
Кветта|Кветта
Уфа|Уфа
Ургенч|Ургенч
Уиже|Уиже
Угерске-Градиште|Угерске-Градиште
Кибдо|Кибдо
Усть-Илимск|Усть-Илимск
Куинси|Куинси
Куито|Куито
Куимпер|Куимпер
Кин-Хилл|Кин-Хилл
Удже-Айленд|Удже-Айленд
Кобе|Кобе
Усть-Каменогорск|Усть-Каменогорск
Мукейрас|Мукейрас
Севастополь|Севастополь
Нуку|Нуку
Усть-Кут|Усть-Кут
Киото|Киото
Сан-Хулиан|Сан-Хулиан
Улей|Улей
Сантьяго|Сантьяго
Улунди|Улунди
Зуле|Зуле
Мулл|Мулл
Тулуа|Тулуа
Мулатос|Мулатос
Гулу|Гулу
Ульяновск|Ульяновск
Умба|Умба
Уумманнак|Уумманнак
Умео|Умео
Сумы|Сумы
Унгиа|Унгиа
Кундуз|Кундуз
Киунга|Киунга
Юнион-Айленд|Юнион-Айленд
Ранонг|Ранонг
Муонг-Сей|Муонг-Сей
Пунта-Алегре|Пунта-Алегре
Гавана|Гавана
Пуэрто Ла Крус|Пуэрто Ла Крус
Упала|Упала
Уруапан|Уруапан
Упиара|Упиара
Уральск|Уральск
Урумги|Урумги
Курессааре|Курессааре
Урибе|Урибе
Урай|Урай
Уриман|Уриман
Ургун|Ургун
Руан|Руан
Уррао|Уррао
Курск|Курск
Сурат-Тхани|Сурат-Тхани
Гураят|Гураят
Урузган|Урузган
Ушуайа|Ушуайа
Мабарума|Мабарума
Усинск|Усинск
Кох-Самуи|Кох-Самуи
Ульсан|Ульсан
Усино|Усино
Асак|Асак
Санкти-Спиритус|Санкти-Спиритус
Сент Огустин|Сент Огустин
Корон|Корон
Мутаре|Мутаре
Утрехт|Утрехт
Баттерворт|Баттерворт
Удон Тхани|Удон Тхани
Торремолинос|Торремолинос
Упингтон|Упингтон
Уттарадит|Уттарадит
Умтата|Умтата
Куинстаун|Куинстаун
Бугульма|Бугульма
Улан-Удэ|Улан-Удэ
Южно-Сахалинск|Южно-Сахалинск
Мануму|Мануму
Увол|Увол
Ньяла|Ньяла
Фулин|Фулин
Унайза|Унайза
Курусу-Куатья|Курусу-Куатья
Васа|Васа
Яварате|Яварате
Варрельбух|Варрельбух
Валенс|Валенс
Ванимо|Ванимо
Ван|Ван
Суаванао|Суаванао
Вальпараисо|Вальпараисо
Варна|Варна
Сивас|Сивас
Ватомандри|Ватомандри
Ватукула|Ватукула
Бресия|Бресия
Вануабалаву|Вануабалаву
Висби|Висби
Кан-Тхо|Кан-Тхо
Венеция|Венеция
Вальчета|Вальчета
Вичадеро|Вичадеро
Тамки|Тамки
Карора|Карора
Лимбе|Лимбе
Эйлат|Эйлат
Фагернес|Фагернес
Вена|Вена
Валверде|Валверде
Вилья-Долорес|Вилья-Долорес
Вадсо|Вадсо
Маиквак|Маиквак
Вежле|Вежле
Веракруз|Веракруз
Баракома|Баракома
Вестменнейяр|Вестменнейяр
Водопады Виктории|Водопады Виктории
Виджаявада|Виджаявада
Вологда|Вологда
Вангренг|Вангренг
Виго|Виго
Лас Вегас|Лас Вегас
Виллагарсон|Виллагарсон
Сауримо|Сауримо
Вилхелмина|Вилхелмина
Вичи|Вичи
Вахитахи|Вахитахи
Вилья-Конститусьон|Вилья-Конститусьон
Виченца|Виченца
Видин|Видин
Вена|Вена
Виесте|Виесте
Эль-Вигиа|Эль-Вигиа
Вичи|Вичи
Винница|Винница
Викеке|Викеке
Дурбан|Дурбан
Виру|Виру
Вивигани|Вивигани
Витория|Витория
Париж|Париж
Абингдон|Абингдон
Рач-Дже|Рач-Дже
Москва|Москва
Виксбург|Виксбург
Воркута|Воркута
Валенсия|Валенсия
Вилья-Хесель|Вилья-Хесель
Порт Вила|Порт Вила
Волгодонск|Волгодонск
Вальядолид|Вальядолид
Валенсия|Валенсия
Валледжо, шт. Калифорния|Валледжо, шт. Калифорния
Вила-Рика|Вила-Рика
Вайенар|Вайенар
Вейлсдир|Вейлсдир
Великие Луки|Великие Луки
Валера|Валера
Вилья-Мерседес|Вилья-Мерседес
Беймуру|Беймуру
Сараване|Сараване
Ваннес|Ваннес
Вильнюс|Вильнюс
Варанаси|Варанаси
Вентспилс|Вентспилс
Виланкулос|Виланкулос
Лос Анджелес|Лос Анджелес
Волгоград|Волгоград
Вохемар|Вохемар
Войнджама|Войнджама
Волос|Волос
Воронеж|Воронеж
Вопнафьордур|Вопнафьордур
Вальпараисо|Вальпараисо
Варадеро|Варадеро
Веро Бич|Веро Бич
Вирак|Вирак
Вредендаль|Вредендаль
Вила-Реал|Вила-Реал
Верона|Верона
Матансас|Матансас
Версаль|Версаль
Врибург|Врибург
Верой|Верой
Вийяхермоса|Вийяхермоса
Визеу|Визеу
Луганск|Луганск
Пхуоклонг|Пхуоклонг
Стокгольм|Стокгольм
Лимбе|Лимбе
Витебск|Витебск
Виентиане|Виентиане
Ватулеле|Ватулеле
Виттель|Виттель
Лас-Тунас|Лас-Тунас
Вишакхапатнам|Вишакхапатнам
Валледупар|Валледупар
Великий Устюг|Великий Устюг
Маханору|Маханору
Санта-Круз-Айленд|Санта-Круз-Айленд
Вастервик|Вастервик
Владивосток|Владивосток
Иллизи|Иллизи
Врихейд|Врихейд
Перу|Перу
Уэльс|Уэльс
Вабаг|Вабаг
Вака|Вака
Андриамена|Андриамена
Вади-ад-Давасир|Вади-ад-Давасир
Вана|Вана
Вангануи|Вангануи
Антсохиху|Антсохиху
Вавой-Фоллз|Вавой-Фоллз
Анказоабо|Анказоабо
Амбатондразака|Амбатондразака
Вейверни|Вейверни
Вабо|Вабо
Альто-Палена|Альто-Палена
Антсалова|Антсалова
Варис|Варис
Вотерфорд|Вотерфорд
Варшава|Варшава
Бефандриана|Бефандриана
Беаланана|Беаланана
Вапенаманда|Вапенаманда
Беророха|Беророха
Кастро|Кастро
Чайтен|Чайтен
Вади-Эйн|Вади-Эйн
Вондай|Вондай
Ведау|Ведау
Вэйфан|Вэйфан
Вейхай|Вейхай
Велком|Велком
Вим|Вим
Висуа|Висуа
Вагете|Вагете
Уэксфорд|Уэксфорд
Вудфорд|Вудфорд
Фианаранцоа|Фианаранцоа
Вагга-Вагга|Вагга-Вагга
Бахавалнагар|Бахавалнагар
Вайтанги|Вайтанги
Ваингапу|Ваингапу
Вагни|Вагни
Вади-Халфа|Вади-Халфа
Вакатане|Вакатане
Франц-Джозеф|Франц-Джозеф
Лос Анджелес|Лос Анджелес
Волсей|Волсей
Вуху|Вуху
Вик|Вик
Вильденрат|Вильденрат
Висбаден|Висбаден
Сурфдейл|Сурфдейл
Найроби|Найроби
Виту|Виту
Воджа|Воджа
Ваджир|Ваджир
Ванака|Ванака
Вакунай|Вакунай
Валлал|Валлал
Валха|Валха
Уеллингтон|Уеллингтон
Валаха|Валаха
Воллогорэнг|Воллогорэнг
Ватерло|Ватерло
Мандритсара|Мандритсара
Варранамбул|Варранамбул
Мандабе|Мандабе
Малаимбанди|Малаимбанди
Мароантсера|Мароантсера
Мампикони|Мампикони
Мананара|Мананара
Мадировало|Мадировало
Вамена|Вамена
Вора-На-Йе|Вора-На-Йе
Нага|Нага
Ванума|Ванума
Венчжоу|Венчжоу
Воненара|Воненара
Вонсдрехт|Вонсдрехт
Вологисси|Вологисси
Вонкен|Вонкен
Воллонгонг|Воллонгонг
Вондула|Вондула
Вонань|Вонань
Пуэрто-Айсен|Пуэрто-Айсен
Порт-Бердж|Порт-Бердж
Випим|Випим
Порвенир|Порвенир
Пуэрто-Вильямс|Пуэрто-Вильямс
Уордер|Уордер
Макон|Макон
Вангарей|Вангарей
Вроцлав|Вроцлав
Вестрей|Вестрей
Васуа|Васуа
Сан Хуан|Сан Хуан
Вашабо|Вашабо
Васиор|Васиор
Васу|Васу
Эйрли Бич|Эйрли Бич
Вестпорт|Вестпорт
Тамбохорано|Тамбохорано
Нью-Йорк|Нью-Йорк
Вест-Энд|Вест-Энд
Войтапе|Войтапе
Тсироаномандиди|Тсироаномандиди
Вантоат|Вантоат
Вау|Вау
Вухан|Вухан
Вуйшань|Вуйшань
Вау|Вау
Вуси|Вуси
Вучжоу|Вучжоу
Волвис-Бей|Волвис-Бей
Манакара|Манакара
Уотервилл|Уотервилл
Вевак|Вевак
Вайалла|Вайалла
Енгема|Енгема
Уест Йеллоустоун|Уест Йеллоустоун
Аламос|Аламос
Арибинда|Арибинда
Саул|Саул
Ксейабери|Ксейабери
Боганд|Боганд
Бирджанд|Бирджанд
Буно-Беделле|Буно-Беделле
Бинигуни|Бинигуни
Булса|Булса
Лилль|Лилль
Диебугу|Диебугу
Джибо|Джибо
Париж|Париж
Принс Джордж|Принс Джордж
Принц Руперт|Принц Руперт
Ванкувер|Ванкувер
Хайньчен|Хайньчен
Париж|Париж
Лилль|Лилль
Сянфань|Сянфань
Гамбург|Гамбург
Квебек|Квебек
Квебек|Квебек
Гауа|Гауа
Париж|Париж
Шангонго|Шангонго
Льеж|Льеж
Аделаида|Аделаида
Хайчэн|Хайчэн
Ксьенглом|Ксьенглом
Шингуэра|Шингуэра
Милан|Милан
Хайлиньхот|Хайлиньхот
Хайньнин|Хайньнин
Верона|Верона
Канчари|Канчари
Сенднес|Сенднес
Ксьенг-Кхуанг|Ксьенг-Кхуанг
Кайя|Кайя
Квебек|Квебек
Монреаль|Монреаль
Лонь-Йен|Лонь-Йен
Сент Луис|Сент Луис
Лео|Лео
Махендранагар|Махендранагар
Манихи|Манихи
Масаси|Масаси
Сямэнь|Сямэнь
Макас|Макас
Кванг-Нгаи|Кванг-Нгаи
Хайнин|Хайнин
Хайнтай|Хайнтай
Доха|Доха
Пама|Пама
Париж|Париж
Комаягуа|Комаягуа
Порт Кланг|Порт Кланг
Ричмонд|Ричмонд
Рим|Рим
Синоу|Синоу
Тонопа|Тонопа
Себба|Себба
Сингапур|Сингапур
Тяньцзинь|Тяньцзинь
Тяньцзинь|Тяньцзинь
Тарум|Тарум
Париж|Париж
Хучжоу|Хучжоу
Винь-Лонь|Винь-Лонь
Венеция|Венеция
Рим|Рим
Вена|Вена
Роннеби|Роннеби
Готенбург|Готенбург
Енкопинг|Енкопинг
Вена|Вена
Никопинг|Никопинг
Лион|Лион
Йе|Йе
Лион|Лион
Карлсхамн|Карлсхамн
Тулуз|Тулуз
Лион|Лион
Забре|Забре
Дамман|Дамман
Чиллан|Чиллан
Со Сен Мари|Со Сен Мари
Янгамби|Янгамби
Яунде|Яунде
Галифакс|Галифакс
Банфф|Банфф
Кэмпбелл Ривер|Кэмпбелл Ривер
Ибин|Ибин
Брэндон|Брэндон
Калгари|Калгари
Нанаимо|Нанаимо
Кочране|Кочране
Чиллиуок|Чиллиуок
Ванкувер|Ванкувер
Док-Крик|Док-Крик
Едмонтон|Едмонтон
Бурса|Бурса
Йовилтон|Йовилтон
Енкис|Енкис
Фредериктон|Фредериктон
Йонаго|Йонаго
Кингстоун|Кингстоун
Хакаи-Пасс|Хакаи-Пасс
Драйден|Драйден
Кэмпбелл Ривер|Кэмпбелл Ривер
Гамильтон|Гамильтон
Монреаль|Монреаль
Галифакс|Галифакс
Фучэн|Фучэн
Иньин|Иньин
Иву|Иву
Камлупс|Камлупс
Якима|Якима
Якутск|Якутск
Торонто|Торонто
Фулан|Фулан
Юримагуас|Юримагуас
Монреаль|Монреаль
Янбу|Янбу
Оттава|Оттава
Яньцзи|Яньцзи
Янтай|Янтай
Янян|Янян
Яньчэн|Яньчэн
Йокогама|Йокогама
Йола|Йола
Оуэн Саунд|Оуэн Саунд
Оттава|Оттава
Порт Симпсон|Порт Симпсон
Принц Руперт|Принц Руперт
Кимберли|Кимберли
Виндзор|Виндзор
Летбридж|Летбридж
Тандер Бэй|Тандер Бэй
Йорктон|Йорктон
Кеснел|Кеснел
Оттава|Оттава
Ревелстоук|Ревелстоук
Сент Джон|Сент Джон
Марафон|Марафон
Тулугак|Тулугак
Мон Тремблан|Мон Тремблан
Торонто|Торонто
Тасу|Тасу
Торонто|Торонто
Монреаль|Монреаль
Ева|Ева
Галифакс|Галифакс
Виннипег|Виннипег
Лимбе|Лимбе
Уистлер|Уистлер
Едмонтон|Едмонтон
Саскатун|Саскатун
Медисин Хет|Медисин Хет
Принс Джордж|Принс Джордж
Норт Бэй|Норт Бэй
Пентинктон|Пентинктон
Лимбе|Лимбе
Торонто|Торонто
Задар|Задар
Загреб|Загреб
Захедан|Захедан
Зарандж|Зарандж
Вальдивия|Вальдивия
Каор|Каор
Зариа|Зариа
Шанде|Шанде
Жаньтон|Жаньтон
Сарагоса|Сарагоса
Забржег|Забржег
Батерст|Батерст
Завлака|Завлака
Балтимор|Балтимор
Сайабори|Сайабори
Закатекас|Закатекас
Темуко|Темуко
Фошан|Фошан
Данди|Данди
Сенгго|Сенгго
Зеро|Зеро
Фаро|Фаро
Ренн|Ренн
Бордо|Бордо
Ланчжоу|Ланчжоу
Сауз-Галвей|Сауз-Галвей
Нгома|Нгома
Чжуншань|Чжуншань
Кучинг|Кучинг
Чжаньчзян|Чжаньчзян
Филадельфия|Филадельфия
Шамшернагар|Шамшернагар
Лимбе|Лимбе
Зигунчор|Зигунчор
Ихтапа-Сихуатанех|Ихтапа-Сихуатанех
Куантан|Куантан
Пенанг|Пенанг
Понза|Понза
Касаба-Бей|Касаба-Бей
Стеенкоол|Стеенкоол
Сетте-Кама|Сетте-Кама
Эль-Гуэра|Эль-Гуэра
Манзанилло|Манзанилло
Лондон|Лондон
Неаполь|Неаполь
Неаполь|Неаполь
Бинтулу|Бинтулу
Замора|Замора
Нанаимо|Нанаимо
Зиндер|Зиндер
Ньюмен|Ньюмен
Осорно|Осорно
Пукон|Пукон
Куинстаун|Куинстаун
Ричмонд|Ричмонд
Рокфорд|Рокфорд
Цюрих|Цюрих
Серуи|Серуи
Рокфорд|Рокфорд
Хартфорд|Хартфорд
Бостон|Бостон
Провиденс|Провиденс
Сан-Сальвадор|Сан-Сальвадор
Сен Поль|Сен Поль
Принц Руперт|Принц Руперт
Рочестер|Рочестер
Филадельфия|Филадельфия
Бостон|Бостон
Житомир|Житомир
Бостон|Бостон
Анкуд|Анкуд
Чжухай|Чжухай
Зилфи|Зилфи
Миандривацо|Миандривацо
Сваннакхэт|Сваннакхэт
Андапа|Андапа
Кота Кинабалу|Кота Кинабалу
Перт|Перт
Лиссабон|Лиссабон
Фаро|Фаро
Гаага|Гаага
Цунии|Цунии
Сиракус|Сиракус
Мзузу|Мзузу
Занесвилл|Занесвилл
